"單位名稱","地址_縣市","地址_鄉鎮市區","地址","設立地址","機構狀態","服務類型","服務區域","電話","傳真","單位網址","單位電子信箱",
"連江縣政府(自辦)","連江縣","南竿鄉","156號","連江縣南竿鄉156號","2","居家服務","連江縣","0836-25022#305","0836-22995","無","a1042@ems.matau.gov.tw",
"金門縣政府(自辦)","金門縣","金城鎮","民生路60號","金門縣金城鎮民生路60號","2","居家服務","金門縣","082-323077","無","無","",
"伊甸社會福利基金會宜蘭分事務所","宜蘭縣","宜蘭市","舊城西路12號2樓","宜蘭縣宜蘭市舊城西路12號2樓","2","居家服務","宜蘭縣頭城,宜蘭縣壯圍,宜蘭縣礁溪,宜蘭縣羅東,宜蘭縣三星,宜蘭縣蘇澳,宜蘭縣冬山,宜蘭縣五結,宜蘭縣員山,宜蘭縣宜蘭,宜蘭縣大同","03-9333676","03-9333575","無","",
"財團法人一粒麥子社會福利慈善基金會","宜蘭縣","宜蘭市","公園路497巷20號","宜蘭縣宜蘭市公園路497巷20號","2","居家服務","宜蘭縣頭城,宜蘭縣壯圍,宜蘭縣礁溪,宜蘭縣羅東,宜蘭縣三星,宜蘭縣蘇澳,宜蘭縣冬山,宜蘭縣五結,宜蘭縣員山,宜蘭縣宜蘭,宜蘭縣大同","03-9252433","03-9252531","無","",
"社團法人宜蘭縣社區照顧促進會","宜蘭縣","宜蘭市","中央路二段265號","宜蘭縣宜蘭市中央路二段265號","2","居家服務","宜蘭縣頭城,宜蘭縣壯圍,宜蘭縣礁溪,宜蘭縣羅東,宜蘭縣三星,宜蘭縣蘇澳,宜蘭縣冬山,宜蘭縣五結,宜蘭縣員山,宜蘭縣宜蘭,宜蘭縣大同","03-9381371","03-9381371","無","",
"財團法人天主教靈醫修女會附設宜蘭縣私立瑪利亞長期照護中心","宜蘭縣","羅東鎮","北城路一段17號","宜蘭縣羅東鎮北城路一段17號","2","居家服務","宜蘭縣羅東,宜蘭縣三星","03-9512060","03-9518775","無","",
"財團法人宜蘭縣私立天主教弘道仁愛之家","宜蘭縣","南澳鄉","蘇花路二段251號","宜蘭縣南澳鄉蘇花路二段251號","1","居家服務,安養服務","宜蘭縣南澳","?03-9981059","?03-9982325","http://www.hungdao.org.tw","?hung.dao@msa.hinet.net",
"中華民國紅十字會台灣省新竹縣支會","新竹縣","竹北市","光明六路10號B1","新竹縣竹北市光明六路10號B1","2","居家服務","新竹縣竹北市,新竹縣新豐鄉,新竹縣湖口鄉,新竹縣寶山鄉","03-5557992","03-5530934","無","",
"新仁醫院","新竹縣","竹北市","博愛街331號","新竹縣竹北市博愛街331號","2","居家服務","新竹縣新豐,新竹縣竹北,新竹縣寶山","03-5552039#819","03-5553107","無","aag0322@msn.com",
"財團法人台灣省天主教會新竹教區附設新竹縣私立長安老人養護中心","新竹縣","竹東鎮","長安路130號","新竹縣竹東鎮長安路130號","2","居家服務","新竹縣芎林鄉,新竹縣橫山鄉,新竹縣尖石鄉,新竹縣竹東鎮北區十二里","03-5943987","03-5954472","http://www.chang-an.org.tw/","changan.sw@msa.hinet.net",
"社團法人新竹縣群英公益發展協會","新竹縣","竹東鎮","東峰路375號","新竹縣竹東鎮東峰路375號","2","居家服務","第四區-新竹縣芎林鄉,新竹縣橫山鄉,新竹縣尖石鄉,竹東鎮北區十二里（含新竹縣員山,新竹縣頭重,新竹縣二重,新竹縣柯湖,新竹縣三重,新竹縣五豐,新竹縣陸豐,新竹縣忠孝,新竹縣榮華,新竹縣仁愛,新竹縣竹東,新竹縣雞林）","03-5951330","03-5951630","無","elderly.care＠msa.hinet.net",
"新竹縣禾意關懷協會","新竹縣","新埔鎮","仁屋一街10鄰57號","新竹縣新埔鎮仁屋一街10鄰57號","2","居家服務","新竹縣新埔鎮,新竹縣關西鎮","03-5886158","03-5895528","http://www.kmt081.url.tw/index.html","kmt081@yahoo.com.tw",
"新竹縣照顧服務人員協會","新竹縣","峨眉鄉","峨眉街71號","新竹縣峨眉鄉峨眉街71號","2","居家服務","峨眉鄉竹東鎮北埔鄉五峰鄉","03-5800303","03-5809125","無","thw09154231@gmail.com",
"衛生福利部苗栗醫院","苗栗縣","苗栗市","為公路747號","苗栗縣苗栗市為公路747號","2","居家服務","苗栗縣苗栗市,苗栗縣南庄鄉,苗栗縣獅潭鄉","037-261920#1164                        ","無","無","81178@mil.mohw.gov.tw",
"財團法人苗栗縣私立幼安教養院","苗栗縣","苗栗市","17鄰105號","苗栗縣苗栗市17鄰105號","2","居家服務","苗栗縣竹南鎮,苗栗縣頭份鎮,苗栗縣三灣鄉","037-338885                                                                ","037-364532","無","yuanhc420@gmail.com",
"財團法人苗栗縣私立大千社會福利慈善事業基金會","苗栗縣","苗栗市","大同路151號3樓","苗栗縣苗栗市大同路151號3樓","2","居家服務","苗栗縣公館鄉,苗栗縣銅鑼鄉,苗栗縣大湖鄉,苗栗縣三義鄉,苗栗縣卓蘭鎮,苗栗縣泰安鄉","037-269938                               ","無","無","f448@dachien.com.tw",
"有限責任苗栗縣博愛照顧服務勞動合作社","苗栗縣","苗栗市","經國路四段79號","苗栗縣苗栗市經國路四段79號","2","居家服務","苗栗縣西湖鄉,苗栗縣後龍鎮,苗栗縣頭屋鄉,苗栗縣造橋鄉","037-366339                                      ","無","無","hy@icrctw.com",
"財團法人切膚之愛社會福利慈善事業基金會","彰化縣","彰化市","博愛街53巷85號","彰化縣彰化市博愛街53巷85號","2","居家服務","彰化縣花壇鄉,彰化縣秀水鄉,彰化縣大村鄉","04-7238595#4543/4542","04-7237673","http://www2.cch.org.tw/sgwlf/index.html","392148@cch.org.tw",
"財團法人老五老基金會","彰化縣","鹿港鎮","忠孝路403號3樓","彰化縣鹿港鎮忠孝路403號3樓","2","日間照顧服務,居家服務","彰化縣鹿港鎮,彰化縣和美鎮,彰化縣福興鄉,彰化縣伸港鄉,彰化縣線西鄉,彰化縣秀水鄉","04-7841455","04-7841453","http://www.ofo.org.tw/","jh@ofo.org.tw",
"財團法人弘道老人福利基金會","彰化縣","福興鄉","福建路286號","彰化縣福興鄉福建路286號","2","居家服務","彰化縣福興鄉","04-7777562","04-7777561","http://www.hondao.org.tw/","jh-hondao@hondao.org.tw",
"財團法人彰化縣私立葳群公益慈善事業基金會","彰化縣","永靖鄉","永福路二段218號","彰化縣永靖鄉永福路二段218號","2","居家服務","彰化縣員林市,彰化縣永靖鄉,彰化縣埔心鄉,彰化縣田尾鄉,彰化縣北斗鎮,彰化縣社頭鄉","04-8235699","04-8230799","無","weichunfoundation@yahoo.com.tw ",
"財團法人彰化縣私立珍瑩老人養護中心","彰化縣","社頭鄉","山腳路二段726巷23號","彰化縣社頭鄉山腳路二段726巷23號","2","居家服務","彰化縣田中鎮,彰化縣二水鄉,彰化縣溪州鄉,彰化縣埤頭鄉","04-8739767","04-8723693","無","jy8720177@yahoo.com.tw",
"彰化縣私立慈恩老人養護中心","彰化縣","二林鎮","光復路61巷20號","彰化縣二林鎮光復路61巷20號","2","居家服務","彰化縣二林鎮,彰化縣溪湖鎮,彰化縣埔鹽鄉,彰化縣竹塘鄉,彰化縣芳苑鄉,彰化縣大城鄉","04-8681199","04-8681379","http://www.caress.org.tw/","a8681199@yahoo.com.tw",
"介惠基金會","彰化縣","芳苑鄉","漁港六路38號","彰化縣芳苑鄉王功村漁港六路38號","2","居家服務","彰化縣溪湖鎮,彰化縣二林鎮,彰化縣埔鹽鄉,彰化縣芳苑鄉,彰化縣大城鄉,彰化縣竹塘鄉","04-8967507","","","",
"財團法人南投縣私立南投仁愛之家","南投縣","南投市","民族路617號","南投縣南投市民族路617號","2","居家服務","南投縣南投市,南投縣名間鄉,南投縣中寮鄉,南投縣草屯鎮","049-2222151","049-2203711","http://www.ntrah.org.tw/ap/index.aspx","abcde.a222151@msa.hinet.net",
"社團法人南投縣家庭照顧者關懷協會","南投縣","南投市","民族路5號2樓","南投縣南投市民族路5號2樓","2","居家服務","南投縣南投市,南投縣名間鄉,南投縣竹山鎮,南投縣鹿谷鄉","049-2248595","049-2201746","無","a8169a@yahoo.com.tw",
"財團法人伊甸社會福利基金會","南投縣","南投市","信義街5巷1號3樓","南投縣南投市信義街5巷1號3樓","2","居家服務","南投縣中寮鄉,南投縣草屯鎮,南投縣南投市,南投縣名間鄉","049-2220071","049-2245847","無","eden158a@yahoo.com.tw",
"南投縣樂齡生活關懷協會","南投縣","南投市","信義街146-1號","南投縣南投市信義街146-1號","2","居家服務","南投縣南投市,南投縣名間鄉,南投縣竹山鎮,南投縣鹿谷鄉","049-2230350","049-2207869","無","nantou885@gmail.com",
"中華民國紅十字會台灣省南投縣支會","南投縣","南投市","嶺興路68號","南投縣南投市嶺興路68號","2","家庭托顧服務,居家服務","南投縣南投市,南投縣名間鄉","049-2242783","049-2247822","http://www.redcross.org.tw/","sh09829@yahoo.com.tw",
"財團法人老五老基金會","南投縣","埔里鎮","博愛路37號","南投縣埔里鎮博愛路37號","2","居家服務","南投縣埔里鎮,南投縣魚池鄉,南投縣信義鄉,南投縣國姓鄉,南投縣仁愛鄉,南投縣水里鄉","049-2997375","049-2421107","http://www.ofo.org.tw/","pl@ofo.org.tw ",
"財團法人愚人之友社會福利慈善事業基金會","南投縣","埔里鎮","鐵山路6號","南投縣埔里鎮鐵山路6號","2","日間照顧服務,家庭托顧服務,失智症老人團體家屋,居家服務","南投縣埔里鎮,南投縣國姓鄉,南投縣魚池鄉,南投縣水里鄉,南投縣集集鎮,南投縣信義鄉,南投縣仁愛鄉","049-2918500#11/31","049-2915297","http://www.qif.org.tw/B-index.asp","qif@mail.pch.org.tw",
"社團法人南投縣基督教青年會","南投縣","草屯鎮","和興街55號3樓","南投縣草屯鎮和興街55號3樓","2","家庭托顧服務,居家服務","南投縣南投市,南投縣草屯鎮,南投縣中寮鄉","049-2306456","049-2365336","http://www.nantou-ymca.org.tw/","hsuyuthih@nantou-ymca.org.tw",
"社團法人南投縣社區家庭支援協會","南投縣","竹山鎮","中山路1-61號","南投縣竹山鎮中山路1-61號","2","居家服務","南投縣竹山鎮,南投縣鹿谷鄉","049-2647906","049-2645602","無","ntcfsa@gmail.com",
"社團法人南投縣慈慧善行協會","南投縣","集集鎮","民生路342號","南投縣集集鎮民生路342號","2","居家服務","南投縣集集鎮,南投縣水里鄉","049-2763012-014","049-2761617","http://tsuhuey.nantou.com.tw/","tsuhuey1@ms33.hinet.net",
"社團法人南投縣生活重建協會","南投縣","國姓鄉","長壽巷83-3號","南投縣國姓鄉長壽巷83-3號","2","日間照顧服務,居家服務","南投縣國姓鄉","049-2720640","049-2720639","http://www.ntlife-liaw.url.tw/infoweb/","Liaw.a0423@msa.hinet.net",
"社團法人雲林縣老人福利保護協會(斗六區)","雲林縣","斗六市","虎溪路23-1號","雲林縣斗六市虎溪路23-1號","2","居家服務","雲林縣斗六,雲林縣莿桐,雲林縣林內","05-5519878","05-5517539","www.carefamily.org.tw","oldmman@ms33.hinet.net",
"社團法人雲林縣老人長期照護協會(斗南區)","雲林縣","斗六市","建興路146-2號","雲林縣斗六市建興路146-2號","2","居家服務","雲林縣斗南鎮,雲林縣古坑鄉,雲林縣大埤鄉","05-5372198","05-5374215","http://www.careold.org.tw/","careold@ms63.hinet.net",
"中華民國紅十字會台灣省雲林縣支會(台西區)","雲林縣","斗六市","莊敬路228號3樓A室","雲林縣斗六市莊敬路228號3樓A室","2","居家服務","雲林縣台西區(雲林縣麥寮鄉,雲林縣東勢鄉,雲林縣台西鄉,雲林縣四湖鄉)","05-6996538","05-6998743","http://www.ylc-redcross.org.tw/","matiludupa@yahoo.com.tw",
"社團法人雲林縣老人福利保護協會-虎尾區","雲林縣","虎尾鎮","公安路75巷10號","雲林縣虎尾鎮公安路75巷10號","2","居家服務","雲林縣虎尾,雲林縣土庫,雲林縣元長,雲林縣褒忠","05-6362296","05-6360045","http://www.carefamily.org.tw/","care.family@msa.hinet.net",
"社團法人雲林縣復健青年協進會(北港區1)","雲林縣","北港鎮","穎寧街72號","雲林縣北港鎮穎寧街72號","2","居家服務","雲林縣北港,雲林縣水林,雲林縣口湖","05-7827433","05-7730053","http://www.yunfull.org.tw/ap/index.aspx","yunfull.pakang@gmail.com",
"財團法人伊甸社會福利基金會(北港區2)","雲林縣","北港鎮","新德路108號","雲林縣北港鎮新德路108號","2","居家服務","雲林縣北港鎮,雲林縣水林鄉,雲林縣口湖鄉","05-7838039","05-7838027","http://www.eden.org.tw/","無",
"老五老基金會(西螺區1)","雲林縣","莿桐鄉","興北70之5號","雲林縣莿桐鄉興北70之5號","2","居家服務","雲林縣西螺 雲林縣二崙 雲林縣崙背","05-5845220","05-5845221","http://www.ofo.org.tw"," a781228@ofo.org.t",
"財團法人伊甸社會福利基金會(西螺區2)","雲林縣","二崙鄉","中興路62巷1弄32號","雲林縣二崙鄉中興路62巷1弄32號","2","居家服務","雲林縣二崙,雲林縣西螺,雲林縣崙背,雲林縣北港,雲林縣水林,雲林縣口湖","05-5987893","05-5988759","https://www.facebook.com/eden413/","  dep413@eden.org.tw",
"四湖鄉公所居家服務支援中心","雲林縣","四湖鄉","中山西路44號","雲林縣四湖鄉中山西路44號","2","居家服務","雲林縣四湖鄉","05-7724260","05-7875437","無","a7724260@yahoo.com.tw ",
"戴德森醫療財團法人嘉義基督教醫院","嘉義縣","民雄鄉","北勢子95-9號","嘉義縣民雄鄉北勢子95-9號","2","居家服務","嘉義縣(全區)","05-2212120","05-2133461 ? ?","無","cych00659@gmail.com",
"財團法人天主教安道社會福利慈善事業基金會","嘉義縣","中埔鄉","頂中下街33號","嘉義縣中埔鄉頂中下街33號","2","居家服務","嘉義縣(全區)","05-2301988","05-2302111","無","siu660304@yahoo.com.tw",
"衛生福利部屏東醫院","屏東縣","屏東市","自由路270號","屏東縣屏東市自由路270號","2","日間照顧服務,居家服務","屏東縣屏東區：  屏東縣屏東市,屏東縣麟洛鄉,   屏東縣萬丹鄉,屏東縣長治鄉。※里港區:  里港鄉,九如鄉,   鹽埔鄉,高樹鄉。※潮州區:  內埔鄉,萬巒鄉,  潮州鎮,竹田鄉","08-7363011#4101","08-7371284","http://www.pntn.mohw.gov.tw/?aid=home","jane1024@yahoo.com.tw",
"社團法人中華萱民會","屏東縣","屏東市","和生路一段14號4樓之1","屏東縣屏東市和生路一段14號4樓之1","2","居家服務","屏東縣潮州區(屏東縣潮州鎮,屏東縣竹田鄉,屏東縣內埔鄉,屏東縣萬巒鄉)屏東縣屏東區(屏東縣屏東市,屏東縣麟洛鄉,屏東縣萬丹鄉,屏東縣長治鄉)","08-7217875","08-7211443","https://www.facebook.com/SheTuanFaRenZhongHuaXuanMinHui/?fref=ts","wftsai@jhf.org.tw",
"財團法人介惠社會福利慈善基金會","屏東縣","屏東市","和生路一段18號","屏東縣屏東市和生路一段18號","2","家庭托顧服務,居家服務","屏東縣霧台鄉,屏東縣三地門鄉,屏東縣瑪家鄉,屏東縣泰武鄉,屏東縣來義鄉,屏東縣春日鄉,屏東縣枋山村,屏東縣獅子鄉,屏東縣牡丹鄉","08-7214109","08-7213794","http://www.jhf.org.tw/","jiehhuey@jhf.org.tw",
"社團法人中華家庭暨社區展望協會","屏東縣","屏東市","莊敬街二段33號","屏東縣屏東市莊敬街二段33號","2","居家服務","屏東縣來義鄉,屏東縣泰武鄉,屏東縣瑪家鄉,屏東縣三地門'鄉,屏東縣霧臺鄉","08-7362001","08-7352506","http://www.cfcv.org.tw/about.html","cfcva99@gmail.com",
"財團法人屏東縣私立畢嘉士社會福利基金會","屏東縣","屏東市","莊敬街一段62巷7弄5號","屏東縣屏東市莊敬街一段62巷7弄5號","2","居家服務","屏東縣屏東市 屏東縣長治鄉 屏東縣麟洛鄉,屏東縣萬丹鄉","08-7368066","08-7368006","http://www.bjorgaas.org.tw/","ping@bjorgaas.org.tw",
"屏基醫療財團法人屏東基督教醫院","屏東縣","屏東市","大連路60號","屏東縣屏東市大連路60號","2","居家服務,居家復健","屏東縣屏東區,屏東縣里港區,屏東縣潮州區,屏東縣原鄉北區,屏東縣屏東市,屏東縣萬丹鄉,屏東縣九如鄉,屏東縣長治鄉","08-7384033","08-7381023","www.ptch.org.tw","homecare@ptch.org.tw",
"財團法人弘道老人福利基金會","屏東縣","潮州鎮","興隆路118號","屏東縣潮州鎮興隆路118號","2","居家服務","屏東縣潮州區(屏東縣潮州鎮,屏東縣竹田鄉,屏東縣內埔鄉,屏東縣萬巒鄉)","08-7892331","08-7892361","http://www.hondao.org.tw/","sophie@hondao.org.tw ",
"財團法人台灣省私立孝愛仁愛之家","屏東縣","潮州鎮","四維路189巷13號","屏東縣潮州鎮四維路189巷13號","2","居家服務","屏東縣潮州區,(屏東縣潮州鎮,屏東縣萬巒鄉,屏東縣內埔鄉,屏東縣竹田鄉)屏東縣枋寮區(屏東縣林邊鄉,屏東縣枋寮鄉,屏東縣新埤鄉,屏東縣佳冬鄉)","08-7882351","08-7882627","http://hsiaoai.org.tw/"," hsiaoai.aged@msa.hinet.net",
"財團法人蘇天生文教基金會","屏東縣","東港鎮","中正路一段210號","屏東縣東港鎮中正路一段210號","2","居家服務","屏東縣東港鎮,屏東縣新園鄉,屏東縣琉球鄉,屏東縣南州鄉,屏東縣崁頂鄉,屏東縣林邊鄉,屏東縣枋寮鄉,屏東縣新埤鄉,屏東縣佳冬鄉","08-8311265","08-8329977","http://www.tsmh.org.tw/sites/web_dg/show_web_page.php?edsno=345","swr@mail.tsmh.org.tw    a102204@mail.tsmh.org.tw",
"輔英科技大學附設醫院","屏東縣","東港鎮","中山路5號","屏東縣東港鎮中山路5號","2","居家服務","屏東縣東港鎮,屏東縣南州鄉,屏東縣新園鄉,屏東縣崁頂鄉,屏東縣林邊鄉,屏東縣琉球鄉,新埤鄉,佳冬鄉,枋寮鄉","08-8324527","08-8323156","http://www.fy.org.tw/","a0970370298@gmail.com",
"南門護理之家","屏東縣","恆春鎮","網紗里草埔路75號","屏東縣恆春鎮網紗里草埔路75號","02","居家服務","屏東縣新埤鄉,屏東縣林邊鄉,屏東縣佳冬鄉,屏東縣枋寮鄉,屏東縣春日鄉,屏東縣獅子鄉,屏東縣枋山鄉,屏東縣牡丹鄉,屏東縣車城鄉,屏東縣滿州鄉,屏東縣恆春鎮","08-8880606","08-8882020","http://www.nanmen-nursing.com.tw/front/bin/home.phtml","nanman0606@pchome.com.tw",
"財團法人屏東縣私立永安老人養護中心","屏東縣","恆春鎮","大埔村8號","屏東縣恆春鎮大埔村8號","2","居家服務","屏東縣恆春鎮,屏東縣車城鄉,屏東縣滿州鄉,屏東縣獅子鄉,屏東縣枋山鄉","08-8899720","08-8899618","無","yongan.center@msa.hinet.net",
"有限責任屏東縣第一照顧服務勞動合作社","屏東縣","萬丹鄉","萬榮街90號","屏東縣萬丹鄉萬榮街90號","2","居家服務","屏東縣屏東市,屏東縣萬丹鄉,屏東縣麟洛鄉,屏東縣長治鄉,屏東縣潮州鎮,屏東縣竹田鄉,屏東縣內埔鄉,屏東縣萬巒鄉,屏東縣東港鎮,屏東縣南州鄉,屏東縣新園鄉,屏東縣崁頂鄉,屏東縣琉球鄉","08-7764516、08-7761314","08-7761903","無","no1care10088@gmail.com",
"財團法人屏東縣私立椰子園老人養護之家","屏東縣","長治鄉","繁昌村振興路16-9號","屏東縣長治鄉繁昌村振興路16-9號","2","居家服務","屏東縣屏東市,屏東縣長治鄉,屏東縣萬丹鄉,屏東縣麟洛鄉,屏東縣里港鄉,屏東縣九如鄉,屏東縣高樹鄉,屏東縣鹽埔鄉","08-7621111","08-7624088","http://www.pyty.org.tw/","t20266034@gmail.com",
"財團法人屏東縣私立聖天社會福利慈善事業基金會","屏東縣","內埔鄉","樹新路201號","屏東縣內埔鄉樹新路201號","2","居家服務","屏東縣內埔,屏東縣潮州,屏東縣萬巒,屏東縣竹田,屏東縣里港,屏東縣九如,屏東縣鹽埔,屏東縣高樹","08-7788633","08-7788633","無","",
"聖母醫院","臺東縣","臺東市","台東區杭州街2號","台東縣台東市台東市杭州街2號","2","居家服務","台東縣台東市E-F區,台東縣東海岸-成功鎮,台東縣長濱鄉,台東縣東河鄉,台東縣南迴區","089-322833","089-345758","無","",
"財團法人一粒麥子社會福利慈善事業基金會","臺東縣","臺東市","寧波街195號","台東縣台東市寧波街195號","2","居家服務","台東縣台東市A,B,C區,東海岸-台東縣成功鎮,台東縣長濱鄉,台東縣東河鄉,縱谷-台東縣關山鎮,台東縣池上鄉,台東縣鹿野鄉","089-960206","089-960188","http://www.wheat.org.tw/WheatWeb/","advice@tch.org.tw",
"有限責任花蓮縣原住民第二照顧服務勞動合作社","臺東縣","臺東市","更生路823號","台東縣台東市更生路823號","2","居家服務","台東縣台東市D區","089-226628","089-235162","無","ac226628@gmail.com",
"社團法人台灣安心家庭關懷協會","臺東縣","臺東市","台東區中華路二段173號","台東縣台東市台東市中華路二段173號","2","居家服務","台東縣台東市-E,F區              台東縱谷區-台東縣卑南鄉,台東縣鹿野鄉","089-346732","089-333952","http://333952.no-ip.org/main/","cindy621112@gmail.com",
"東基醫療財團法人台東基督教醫院","臺東縣","臺東市","開封街350號","台東縣台東市開封街350號","2","居家服務","台東縣台東市C區,台東縣台東市D區,台東縱谷區-台東縣卑南鄉,台東縣鹿野鄉,台東縣延平鄉,台東縣關山鎮,台東縣池上鄉,台東縣海端鄉","089-960888","089-960210","http://www.tch.org.tw/TchWeb/","jennifer@tch.org.tw",
"社團法人臺東縣天主教愛德婦女協會","臺東縣","臺東市","杭州街34號","台東縣台東市杭州街34號","2","居家服務","台東縣海端鄉","089-335482","089-348536","http://www.twlca.org/twlca2/","lca335482@gmail.com",
"財團法人門諾社會福利慈善事業基金會","花蓮縣","花蓮市","民權路6-3號2樓之1","花蓮縣花蓮市民權路6-3號2樓之1","2","居家服務","花蓮縣花蓮市,花蓮縣吉安鄉,花蓮縣新城鄉,花蓮縣秀林鄉,花蓮縣玉里鎮,花蓮縣富里鄉,花蓮縣卓溪鄉","03-8338009#241","03-8338055","http://www.mf.org.tw/","yenyin@mch.org.tw",
"財團法人一粒麥子社會福利慈善事業基金會","花蓮縣","光復鄉","華新街10號","花蓮縣光復鄉華新街10號","2","居家服務","花蓮縣花蓮市民字里,花蓮縣壽豐鄉,花蓮縣豐濱鄉,花蓮縣鳳林鎮,花蓮縣萬榮鄉,花蓮縣光復鄉,花蓮縣瑞穗鄉","03-8704747","03-8704241","無","",
"有限責任高雄市安祥照顧服務勞動合作社","澎湖縣","馬公市","興仁里21-12號","澎湖縣馬公市興仁里21-12號","2","居家服務","澎湖縣全區","06-9217895","06-9215283","http://anxiangcare.com/","caregiv.living@gmail.com",
"社團法人澎湖縣照顧服務協會","澎湖縣","馬公市","新復里介壽路7-1號","澎湖縣馬公市新復里介壽路7-1號","2","家庭托顧服務,居家服務","澎湖縣馬公市,澎湖縣湖西鄉,澎湖縣白沙鄉,澎湖縣西嶼鄉,澎湖縣望安鄉,澎湖縣七美鄉","06-9274927","06-9268408","http://www.phcs.artcom.tw/ap/index.aspx","phcs20030127@gmail.com",
"財團法人天下為公社會福利慈善事業基金會","基隆市","安樂區","安一路329-3號1樓","基隆市安樂區安一路329-3號1樓","2","居家服務","基隆市全區","02-24283696","02-24284552","http://www.hangan.org/","outra_appeal@hangan.org",
"財團法人伊甸社會福利基金會","基隆市","信義區","東信路169號5樓","基隆市信義區東信路169號5樓","2","居家服務","基隆市全區","02-24685707","02-24685706","無","",
"財團法人老五老基金會","新竹市","東區","安康街5巷1號3樓","新竹市東區安康街5巷1號3樓","2","日間照顧服務,居家服務","新竹市東區東勢聯里,建功聯里,埔頂聯里","03-5794009","03-5777148","http://www.ofo.org.tw/","yoye1029@ofo.org.tw",
"財團法人天主教耶穌會新竹社會服務中心","新竹市","北區","北大路373號","新竹市北區北大路373號","2","居家服務","新竹市北區(客雅聯里,北門聯里,士林聯里,湳雅聯里,南寮聯里)及新竹市香山區","03-5224153","03-5242242","http://www.cssc.org.tw/","hs@twcssc.org",
"財團法人基督教中華協力會附設新竹市私立伯大尼老人養護中心","新竹市","北區","延平路一段491-1號","新竹市北區延平路一段491-1號","2","居家服務","新竹市東區","03-5218236","03-5255901","無","kulasjob@hotmail.com",
"財團法人私立天主教中華聖母社會福利慈善事業基金會","嘉義市","東區","民權路60號5樓","嘉義市東區民權路60號5樓","2","居家服務","嘉義縣(全區),嘉義市東西區","05-2780040#3223","05-2774820?","無","hs-center@stm.org.tw",
"財團法人伊甸社會福利基金會(嘉義社區發展中心)","嘉義市","西區","貴州街123號","嘉義市西區貴州街123號","2","居家服務","嘉義縣(全區)","05-2860065","05-2860167","https://www.eden.org.tw/","dep164@eden.org.tw",
"戴德森醫療財團法人嘉義基督教醫院","嘉義市","西區","自由路426號","嘉義市西區自由路426號","2","日間照顧服務,家庭托顧服務,居家服務","嘉義市東西區","05-2348836","05-2348835","http://www.cychhome.org.tw/","cychhome@gmail.com",
"財團法人伊甸社會福利基金會","嘉義市","西區","貴州街123號","嘉義市西區貴州街123號","2","居家服務","嘉義市東區/嘉義市西區","05-2860065","05-2860167","無","dep164@mail.eden.org.tw",
"中華民國紅十字會臺灣省分會","臺北市","大安區","新生南路3段20號2樓","台北市大安區新生南路3段20號2樓","2","居家服務","台北市中正區,台北市大安區","02-23637794","02-23630598","無","rct@seed.net.tw",
"社團法人臺北市家庭照顧者關懷協會","臺北市","大安區","通化街143巷8弄5號1樓","台北市大安區通化街143巷8弄5號1樓","2","居家服務","台北市大安區,台北市信義區","02-27398737","02-87322485","http://www.carer.org.tw/","service@carer.org.tw",
"財團法人獎卿護理展望基金會","臺北市","大安區","和平東路1段216號10樓","台北市大安區和平東路1段216號10樓","2","居家服務","台北市文山區,台北市南港區","02-23646040","02-23640373","http://www.ccfnh.com.tw/index.html","ccfhcn@yahoo.com.tw",
"臺北市私立仁群老人養護所","臺北市","中山區","民族東路512巷16號1樓","台北市中山區民族東路512巷16號1樓","2","居家服務","台北市中山區,台北市松山區,台北市大同區","02-25016299","02-25013567","http://www.kind-tw.com.tw","jamiekuan075@gmail.com",
"財團法人臺北市私立松年長春服務中心","臺北市","中山區","民權西路79號6樓之1","台北市中山區民權西路79號6樓之1","2","居家服務","台北市大安區,台北市松山區","02-25861527","02-25858697","http://pineage.iwomenweb.org.tw/","pinema@twdc.org.twpinesu@twdc.org.tw",
"社團法人中國家庭教育協進會","臺北市","中山區","松江路131號6樓之12","台北市中山區松江路131號6樓之12","2","居家服務","台北市中山大同,台北市士林北投,台北市內湖南港","02-2509026602-25090567        ","02-25090777","http://myfamily.web66.com.tw/","chinesehomeservice@yahoo.com.tw",
"社團法人新北市身心障礙者福利促進協會","臺北市","中山區","興安街83號","台北市中山區興安街83號","2","居家服務","台北市萬華區,台北市中正","02-25031586","02-2503166902-22500403","http://www.gottocare.org.tw","service@ilive.org.tw",
"中華民國紅心字會 ","臺北市","中正區","重慶南路1段43號5樓之2","台北市中正區重慶南路1段43號5樓之2","2","居家服務","台北市松山區,台北市南港區,台北市北投區,台北市信義區,台北市大安區,台北市文山區","02-23700267","02-23719191","http://www.redheart.org.tw/","regi0168@hotmail.com",
"財團法人台北市立心慈善基金會","臺北市","萬華區","桂林路242巷4號4樓之2","台北市萬華區桂林路242巷4號4樓之2","2","居家服務","台北市萬華區,台北市中正區","02-23361500","02-23361588","http://www.lishin.org.tw/home","lishin.home@gmail.com",
"財團法人臺北市私立恆安老人長期照顧中心(長期照護型)","臺北市","萬華區","水源路187號","臺北市萬華區水源路187號","2","居家服務","台北市板橋區,台北市萬里區","02-23331955","02-23331759  ","無","homecare@hangan.org",
"財團法人臺北市中國基督教靈糧世界佈道會士林靈糧堂","臺北市","士林區","士東路266巷3弄6號4樓","台北市士林區士東路266巷3弄6號4樓","2","居家服務","台北市士林區,台北市北投區,台北市內湖區","02-28314795","02-28367513","無","homeservice@slsc.org.tw",
"財團法人伊甸社會福利基金會","臺北市","北投區","裕民六路120號3樓C棟","台北市北投區裕民六路120號3樓C棟","2","居家服務","台北市士林區,台北市北投區","02-28210320","02-28210592","無","dep130@mail.eden.org.tw",
"財團法人老五老基金會","臺北市","北投區","中央北路一段12號3樓","台北市北投區中央北路一段12號3樓","2","居家服務","台北市士林區,台北市北投區","02-28929702","02-28976208","http://www.ofo.org.tw/","bt@ofo.org.tw",
"社團法人台灣身心機能活化運動協會","高雄市","左營區","翠華路601巷69號2樓","高雄市左營區翠華路601巷69號2樓","2","居家服務","高雄市鹽埕區,高雄市鼓山區,高雄市左營區,高雄市楠梓區,高雄市三民區,高雄市新興區,高雄市前金區,高雄市苓雅區,高雄市前鎮區,高雄市旗津區,高雄市小港區","07-5884647","07-5883527","http://www.facebook.com/PMFRE","kinou.hcs@gmail.com",
"有限責任高雄市育成照顧服務勞動合作社","高雄市","左營區","政德路647號2樓","高雄市左營區政德路647號2樓","2","居家服務","高雄市鳳山區,高雄市大寮區,高雄市林園區,高雄市鳥松區,高雄市仁武區,高雄市大社區,高雄市大樹區,高雄市鹽埕區,高雄市鼓山區,高雄市左營區,高雄市楠梓區,高雄市三民區","07-3431115","07-3432231","http://blog.udn.com/yucheng01","yu.cheng01@msa.hinet.net",
"財團法人獎卿護理展望基金會","高雄市","左營區","復興新村335號","高雄市左營區復興新村335號","2","居家服務","高雄市鹽埕區,高雄市鼓山區,高雄市左營區,高雄市楠梓區,高雄市三民區,高雄市新興區,高雄市前金區,高雄市苓雅區,高雄市前鎮區,高雄市旗津區,高雄市小港區","07-5883808","07-5816946","http://www.ccfnh.com.tw/","cc588.cc3808@msn.hinet.net",
"財團法人弘道老人福利基金會","高雄市","左營區","自由二路309號3樓","高雄市左營區自由二路309號3樓","2","居家服務,居家喘息","高雄市鹽埕區,高雄市鼓山區,高雄市左營區,高雄市楠梓區,高雄市三民區,高雄市鳳山區,高雄市林園區,高雄市大寮區,高雄市前金區,高雄市三民區","07-5563225","07-5563233","http://www.hondao.org.tw ","hondao.south@hondao.org.tw",
"高雄市同愛社會福利關懷協會","高雄市","三民區","九如二路583號6樓之1","高雄市三民區九如二路583號6樓之1","2","居家服務","高雄市鹽埕區,高雄市鼓山區,高雄市左營區,高雄市楠梓區,高雄市三民區","07-3111707","07-3111701","http://sixstar.moc.gov.tw/blog/38738140","3800951@gmail.com",
"財團法人高雄市私立典寶社會福利慈善事業基金會","高雄市","三民區","民族一路384號","高雄市三民區民族一路384號","2","居家服務","高雄市鹽埕區,高雄市鼓山區,高雄市左營區,高雄市楠梓區,高雄市三民區","07-3802867","07-3801529","https://zh-tw.facebook.com/DianBaoCharityAidFoundation","dbhsc598@gmail.com",
"社團法人高雄市家庭照顧者關懷協會","高雄市","三民區","熱河一街108號","高雄市三民區熱河一街108號","2","居家服務","高雄市鹽埕區,高雄市鼓山區,高雄市左營區,高雄市楠梓區,高雄市三民區","07-3223839","07-3133835","http://www.caregiver.org.tw","kh.caregiver@gmail.com",
"社團法人高雄長期照顧人員福利促進協會","高雄市","三民區","信義街303號1樓","高雄市三民區信義街303號1樓","2","居家服務","高雄市鳳山區,高雄市大寮區,高雄市林園區,高雄市鳥松區,高雄市仁武區,高雄市大社區,高雄市大樹區","07-7101412","07-7101412","https://www.facebook.com/%E7%A4%BE%E5%9C%98%E6%B3%95%E4%BA%BA%E9%AB%98%E9%9B%84%E9%95%B7%E6%9C%9F%E7%85%A7%E9%A1%A7%E4%BA%BA%E5%93%A1%E7%A6%8F%E5%88%A9%E4%BF%83%E9%80%B2%E5%8D%94%E6%9C%83-395572387228908/","wpmember@yahoo.com.tw",
"社團法人高雄市長期照顧專業協會","高雄市","新興區","民族二路182號","高雄市新興區民族二路182號","2","居家服務","高雄市岡山區,高雄市路竹區,高雄市湖內區,高雄市茄萣區,高雄市永安區,高雄市彌陀區,高雄市梓官區,高雄市橋頭區,高雄市阿蓮區,高雄市田寮區,高雄市燕巢區","07-2221977","07-2250393","無","kltcp2011@yahoo.com.tw",
"社團法人高雄市善護關愛協會","高雄市","新興區","中正四路53號8樓之1","高雄市新興區中正四路53號8樓之1","2","居家服務","高雄市新興區,高雄市前金區,高雄市苓雅區,高雄市前鎮區,高雄市旗津區,高雄市小港區","07-2416336","07-2146112","http://www.yesjoinus.com.tw/ ; FB: https://www.facebook.com/yesjoinus/?fref=ts","a2416112@yahoo.com.tw",
"天主教聖功醫療財團法人聖功醫院 ","高雄市","苓雅區","建國一路352號2樓","高雄市苓雅區建國一路352號2樓","2","居家服務","高雄市新興區,高雄市前金區,高雄市苓雅區,高雄市前鎮區,高雄市旗津區,高雄市小港區","07-2231865","07-2239410","http://www.joseph.org.tw/","society2110@mail.joseph.org.tw",
"信義醫療財團法人高雄基督教醫院 ","高雄市","苓雅區","華新街86號","高雄市苓雅區華新街86號","2","居家服務","高雄市新興區,高雄市前金區,高雄市苓雅區,高雄市前鎮區,高雄市旗津區,高雄市小港區","07-5363016","07-5363017","http://www.kch.org.tw","233@kch.org.tw",
"佳馨居家護理所","高雄市","苓雅區","成功一路232號11樓之1","高雄市苓雅區成功一路232號11樓之1","2","居家服務","高雄市鳳山區,高雄市大寮區,高雄市林園區,高雄市鳥松區,高雄市仁武區,高雄市大社區,高雄市大樹區,高雄市新興區,高雄市前金區,高雄市苓雅區,高雄市前鎮區,高雄市旗津區,高雄市小港區","07-5369381","07-5369803","http://www.jiaxin.biz/","jiaxin5656@gmail.com",
"爵嘉居家護理所","高雄市","小港區","港興街65號","高雄市小港區港興街65號","2","居家服務","高雄市新興區,高雄市前金區,高雄市苓雅區,高雄市前鎮區,高雄市旗津區,高雄市小港區","07-8217643","07-8211161","無","lihua3649@hotmail.com",
"財團法人高雄市郭吳麗珠社會福利慈善事業基金會","高雄市","鳳山區","福誠二街168號4樓","高雄市鳳山區福誠二街168號4樓","2","居家服務","高雄市鳳山區,高雄市大寮區,高雄市林園區,高雄市鳥松區,高雄市仁武區,高雄市大社區,高雄市大樹區,高雄市新興區,高雄市前金區,高雄市苓雅區,高雄市前鎮區,高雄市旗津區,高雄市小港區","07-8119977","07-8113256","http://www.npo.org.tw/npolist_detail.asp?id=6220","daxin1@hibox.hinet.net",
"中華民國紅十字會新高雄分會","高雄市","鳳山區","花園街16號","高雄市鳳山區花園街16號","2","居家服務","高雄市鳳山區,高雄市大寮區,高雄市林園區,高雄市鳥松區,高雄市仁武區,高雄市大社區,高雄市大樹區,高雄市鹽埕區,高雄市鼓山區,高雄市左營區,高雄市楠梓區,高雄市三民區","07-7467028","07-7468556","https://www.facebook.com/NKSREDCROSS/?ref=aymt_homepage_panel&__mref=message_bubble","ksred830@gmail.com",
"有限責任高雄市安祥照顧服務勞動合作社","高雄市","鳳山區","大東一路113號","高雄市鳳山區大東一路113號","2","家庭托顧服務,居家服務","高雄市鳳山區,高雄市大寮區,高雄市林園區,高雄市鳥松區,高雄市仁武區,高雄市大社區,高雄市大樹區,高雄市新興區,高雄市前金區,高雄市苓雅區,高雄市前鎮區,高雄市旗津區,高雄市小港區","07-7902768","07-7902896","http://anxiangcare.com/","caregiv.living@gmail.com",
"有限責任高雄市協和照顧服務勞動合作社","高雄市","鳳山區","信義街50號","高雄市鳳山區信義街50號","2","居家服務","高雄市鳳山區,高雄市大寮區,高雄市林園區,高雄市鳥松區,高雄市仁武區,高雄市大社區,高雄市大樹區","07-7407512","07-7407515","https://www.facebook.com/ksh83064/","ksh83064@gmail.com",
"財團法人高雄市私立永安老人養護中心","高雄市","大寮區","濃中街22巷17號","高雄市大寮區濃中街22巷17號","2","居家服務","高雄市鳳山區,高雄市大寮區,高雄市林園區,高雄市鳥松區,高雄市仁武區,高雄市大社區,高雄市大樹區","07-7882577","07-7880500","http://yungan.shop2000.com.tw/","yungan_care@yahoo.com.tw",
"財團法人高雄市私立慈聯社會福利基金會","高雄市","仁武區","仁雄路42之1號","高雄市仁武區仁雄路42之1號","2","居家服務","高雄市鳳山區,高雄市大寮區,高雄市林園區,高雄市鳥松區,高雄市仁武區,高雄市大社區,高雄市大樹區","07-3715009","07-3739481","https://www.facebook.com/clsw3715009/?ref=aymt_homepage_panel","3715009h@gmail.com",
"善逸居家護理所","高雄市","岡山區","大義二路326號","高雄市岡山區大義二路326號","2","居家服務","高雄市岡山區,高雄市路竹區,高雄市湖內區,高雄市茄萣區,高雄市永安區,高雄市彌陀區,高雄市梓官區,高雄市橋頭區,高雄市阿蓮區,高雄市田寮區,高雄市燕巢區","07-6256610","07-6257311","無","shanyi4u@gmail.com",
"保證責任高雄市高屏照顧服務勞動合作社","高雄市","岡山區","岡山路27號8樓之3","高雄市岡山區岡山路27號8樓之3","2","居家服務","高雄市岡山區,高雄市路竹區,高雄市湖內區,高雄市茄萣區,高雄市永安區,高雄市彌陀區,高雄市梓官區,高雄市橋頭區,高雄市阿蓮區,高雄市田寮區,高雄市燕巢區","07-6295713","07-6295803 ","http://blog.yam.com/kp168888","kp2011699@gmail.com",
"社團法人高雄市樂齡照顧關懷協會","高雄市","岡山區","岡山路9號","高雄市岡山區岡山路9號","2","居家服務","高雄市岡山區,高雄市路竹區,高雄市湖內區,高雄市茄萣區,高雄市永安區,高雄市彌陀區,高雄市梓官區,高雄市橋頭區,高雄市阿蓮區,高雄市田寮區,高雄市燕巢區","07-6296171","07-6296171","https://www.facebook.com/theelderlyservicesassociationofKaohsiung/?ref=hl","36954598iseeyou@gmail.com",
"財團法人濟興長青基金會","高雄市","燕巢區","延平街87之13號3樓","高雄市燕巢區延平街87之13號3樓","2","居家服務","高雄市鹽埕區,高雄市鼓山區,高雄市左營區,高雄市楠梓區,高雄市三民區,高雄市岡山區,高雄市路竹區,高雄市湖內區,高雄市茄萣區,高雄市永安區,高雄市彌陀區,高雄市梓官區,高雄市橋頭區,高雄市阿蓮區,高雄市田寮區,高雄市燕巢區","07-5518235","07-5310557","http://www.jising.org.tw","jising.org@gmail.com",
"社團法人高雄市路竹社會福利協會","高雄市","路竹區","中華路337-1號","高雄市路竹區中華路337-1號","2","居家服務","高雄市岡山區,高雄市路竹區,高雄市湖內區,高雄市茄萣區,高雄市永安區,高雄市彌陀區,高雄市梓官區,高雄市橋頭區,高雄市阿蓮區,高雄市田寮區,高雄市燕巢區","07-6969391","07-6071005","https://www.facebook.com/%E7%A4%BE%E5%9C%98%E6%B3%95%E4%BA%BA%E9%AB%98%E9%9B%84%E5%B8%82%E8%B7%AF%E7%AB%B9%E7%A4%BE%E6%9C%83%E7%A6%8F%E5%88%A9%E5%8D%94%E6%9C%83-768975696485266/","hc0311.6969391@gmail.com",
"財團法人臺南市私立荷園社會福利慈善事業基金會","高雄市","湖內區","長壽路65巷6弄1號","高雄市湖內區長壽路65巷6弄1號","2","居家服務","高雄市岡山區,高雄市路竹區,高雄市湖內區,高雄市茄萣區,高雄市永安區,高雄市彌陀區,高雄市梓官區,高雄市橋頭區,高雄市阿蓮區,高雄市田寮區,高雄市燕巢區","07-6930680","07-6930710","https://www.facebook.com/hvtainan/","heyuan.kh@gmail.com",
"衛生福利部旗山醫院","高雄市","旗山區","東新街25巷8號1樓","高雄市旗山區東新街25巷8號1樓","2","居家服務","高雄市旗山區,高雄市美濃區,高雄市內門區,高雄市杉林區,高雄市甲仙區,高雄市六龜區,高雄市那瑪夏區,高雄市桃源區,高雄市茂林區","07-6613811#3005-3007","07-6624298","http://www.chis.mohw.gov.tw/","swr@mail.chis.doh.gov.tw",
"重安醫院","高雄市","旗山區","大仁街18號","高雄市旗山區大仁街18號","2","居家服務","高雄市旗山區,高雄市美濃區,高雄市內門區,高雄市杉林區,高雄市甲仙區,高雄市六龜區,高雄市那瑪夏區,高雄市桃源區,高雄市茂林區","07-6627920       ","07-6628387","無","ca6627920@gmail.com",
"有限責任高雄市日新照顧服務勞動合作社","高雄市","美濃區","雙峰街6-3號","高雄市美濃區雙峰街6-3號","2","居家服務","高雄市旗山區,高雄市美濃區,高雄市內門區,高雄市杉林區,高雄市甲仙區,高雄市六龜區,高雄市那瑪夏區,高雄市桃源區,高雄市茂林區","07-6811377","07-6821377","http://www.zsin-care.com.tw/","care.giver88@msa.hinet.net",
"財團法人伊甸社會福利基金會","高雄市","甲仙區","文化路67之2號","高雄市甲仙區文化路67之2號","2","居家服務","高雄市旗山區,高雄市美濃區,高雄市內門區,高雄市杉林區,高雄市甲仙區,高雄市六龜區,高雄市那瑪夏區,高雄市桃源區,高雄市茂林區","07-6753255","07-6753255","http://www.eden.org.tw/","eden5542@eden.org.tw",
"財團法人高雄市私立萃文書院社會福利慈善事業基金會","高雄市","內門區","番子路16-10號","高雄市內門區番子路16-10號","2","居家服務","高雄市旗山區,高雄市美濃區,高雄市內門區,高雄市杉林區,高雄市甲仙區,高雄市六龜區,高雄市那瑪夏區,高雄市桃源區,高雄市茂林區","07-6672888","07-6671678","無","jw970301@yahoo.com.tw",
"社團法人新北市身心障礙者福利促進協會","新北市","板橋區","文化路2段453號3樓","新北市板橋區文化路2段453號3樓","2","居家服務","新北市板橋區,新北市瑞芳區","02-22500177","無","無","cs@ilive.org.tw",
"中華民國紅十字會臺灣省分會","新北市","板橋區","文化路1段301號","新北市板橋區文化路1段301號","2","居家服務","新北市中和區,新北市林口區","02-22559713","02-23630598","無","rct@seed.net.tw",
"財團法人台北市立心慈善基金會","新北市","三重區","三重區中華路22號 ","新北市三重區三重區中華路22號 ","2","居家服務","新北市三重區,新北市淡水區","02-29711997 ","02-89816952","無","lishin.north@msa.hinet.net",
"旺福居家護理所","新北市","三重區","溪尾街328-11號13樓","新北市三重區溪尾街328-11號13樓","2","居家服務","台北市士林區,台北市北投區","02-29738188,28571520","02-29738187","無","wonful2012@yahoo.com.tw",
"財團法人伊甸社會福利基金會附設新北市三峽身心障礙福利服務中心","新北市","三重區","國光街12巷10號1樓  ","新北市三重區國光街12巷10號1樓  ","2","居家服務","新北市樹林區,新北市三峽區,新北市鶯歌區","02-26741778","02-26744380","無","eden5880@mail.eden.org.tw",
"財團法人天主教失智老人社會福利基金會","新北市","中和區","橋安街12號3樓","新北市中和區橋安街12號3樓","2","居家服務","台北市大同區,台北市萬華區,新北市永和區,新北市八里區","02-22469930","02-22460075","無","s8910009@gmail.com",
"財團法人台灣省私立健順養護中心","新北市","永和區","民權路60號5樓","新北市永和區民權路60號5樓","2","居家服務","新北市中和區,新北市林口區","02-29451169  ","02-29451172","無","yonghe.homecare@gmail.com",
"財團法人弘道老人福利基金會","新北市","新莊區","思源路38號9樓","新北市新莊區思源路38號9樓","2","居家服務","新北市新莊區,新北市金山區","02-89913925","02-89915512","無","hondao-tp@hondao.org.tw",
"天主教耕莘醫療財團法人耕莘醫院","新北市","新店區","中正路362號","新北市新店區中正路362號","2","居家服務","新北市新店區,新北市烏來區","02-22193391","02-22195386","無","cthhomecare@gmail.com",
"財團法人私立廣恩老人養護中心","新北市","新店區","北宜路2段579巷45號","新北市新店區北宜路2段579巷45號","2","居家服務","新北市蘆洲區,新北市坪林區,新北市五股區","02-22173517","02-22171577","無","guannen@ms14.hinet.net",
"財團法人天下為公社會福利慈善事業基金會","新北市","汐止區","大同路3段425號 ","新北市汐止區大同路3段425號 ","2","居家服務","新北市汐止區,新北市雙溪區,新北市平溪區","02-86488388","02-86481868","無","wba@hangan.org",
"財團法人老五老基金會","新北市","汐止區","新昌路79號1樓","新北市汐止區新昌路79號1樓","2","居家服務","新北市汐止區,新北市深坑區,新北市石碇區","02-86422321","02-86421066","無","tp@ofo.org.tw ",
"財團法人天下為公社會福利慈善事業基金會","新北市","汐止區","大同路三段425號","新北市汐止區大同路三段425號","2","居家服務","台北市內湖區,台北市南港區,台北市士林區,台北市北投區","02-86488388","02-86481868               02-86487988","無","wba@hangan.org",
"社團法人中華民國照顧服務員專業發展協會","新北市","土城區","金城路三段71號3樓  ","新北市土城區金城路三段71號3樓  ","2","居家服務","新北市土城區,新北市貢寮區","02-22651680","02-82621994 ","無","careworkertw@yahoo.com.tw",
"財團法人私立廣恩老人養護中心","新北市","蘆洲區","中山一路300號","新北市蘆洲區中山一路300號","2","居家服務","台北市中正區,台北市松山區,台北市大安區,台北市信義區","02-27609590","02-82826367","無","guannenhc3517@gmail.com",
"財團法人天主教主顧修女會","新北市","泰山區","新生路４號","新北市泰山區新生路４號","2","居家服務","新北市泰山區,新北市五股區","02-29062242","02-29030653","無","miracle.esc@msa.hinet.net",
"財團法人新北市私立雙連社會福利慈善事業基金會","新北市","三芝區","22之17號","新北市三芝區22之17號","2","居家服務","新北市新莊區,新北市三芝區,新北市石門區","02-26365999 ","02-26369726","無","homecare@ sleh.org.tw",
"財團法人天主教聖母聖心修女會","臺中市","中區","區府路103號","臺中市中區市府路103號","2","居家服務","臺中市中區,臺中市西區","04-22227181","04-22230113","http://www.lkk.org.tw/Content.aspx?s=4&c=348","stella.old@msa.hinet.net",
"社團法人台中市奢會關懷服務協會","臺中市","東區","玉皇街65號","臺中市東區玉皇街65號","2","居家服務","臺中市東區","04-22126765","04-22118908","https://www.facebook.com/groups/513361248719040","east40146@gmail.com",
"社團法人台灣省慈心協會","臺中市","南區","合作街6號2樓","臺中市南區合作街6號2樓","2","居家服務","臺中市南區","04-22290070","04-22291215","無","tcaa@ms34.hinet.net",
"財團法人天主教曉明社會福利基金會","臺中市","北區","北平路一段65號","臺中市北區北平路一段65號","2","居家服務","臺中市北區","04-22925995","04-22918635","http://www.lkk.org.tw/","north.old@msa.hinet.net",
"財團法人弘道老人福利基金會","臺中市","西屯區","中工三路199號2F","臺中市西屯區中工三路199號2F","2","居家服務","臺中市西屯區","04-23505555","04-23507001","http://www.hondao.org.tw/","hondao.middle@hondao.org.tw",
"財團法人全成社會福利基金會","臺中市","南屯區","南屯路二段530號3樓","臺中市南屯區南屯路二段530號3樓","2","居家服務","臺中市南屯區","04-23845432","04-23845448","http://www.homeservice.org.tw","NURSEHOM@MS47.HINET.NET",
"財團法人老五老基金會","臺中市","北屯區","松山街79號","臺中市北屯區松山街79號","2","家庭托顧服務,居家服務","臺中市北屯區","04-22463927#56","04-22463947","http://www.ofo.org.tw/","w273@ofo.org.tw",
"財團法人中華基督教福音信義傳道會","臺中市","東勢區","東崎路五段407號","臺中市東勢區東崎路五段407號","2","居家服務","臺中市東勢區,臺中市和平區","04-25871010","04-25873030","http://www.sh423.org.tw/index.asp","syhomeservice99@gmail.com",
"財團法人臺灣省私立永信社會福利基金會","臺中市","大甲區","成功路319號","臺中市大甲區成功路319號","2","居家服務","臺中市大甲區,臺中市大安區,臺中市外埔區","04-26760160","04-26762618","http://yspswf.yungshingroup.com","homecare@yungshingroup.com",
"財團法人童傳盛文教基金會","臺中市","梧棲區","文華街28巷153號","臺中市梧棲區文華街28巷153號","2","居家服務","臺中市清水區,臺中市沙鹿區,臺中市梧棲區","04-2656062504-26564355#18~25","04-26567673","無","swtung103@gmail.com",
"財團法人台中市私立龍眼林社會福利慈善事業基金會","臺中市","大雅區","民生路二段20號","臺中市大雅區民生路二段20號","2","居家服務","臺中市潭子區,臺中市大雅區,臺中市后里區,臺中市神岡區","04-25682195","04-25688759","http://www.lon.org.tw/","lon.ho@msa.hinet.net",
"財團法人老五老基金會","臺中市","石岡區","豐勢路503-1號","臺中市石岡區豐勢路503-1號","2","居家服務","臺中市豐原區,臺中市石岡區,臺中市新社區","04-25822133","04-25822105","www.ofo.org.tw","ts@ofo.org.tw",
"社團法人台灣省社區關懷協會","臺中市","烏日區","公園路352巷30號","臺中市烏日區公園路352巷30號","2","居家服務","臺中市烏日區,臺中市大肚區,臺中市龍井區","04-23386651","04-23360439","無","socialcare561@gmail.com",
"財團法人弘道老人福利基金會","臺中市","大里區","永隆路33號3樓","臺中市大里區永隆路33號3樓","2","居家服務","臺中市大里區,臺中市霧峰區,臺中市太平區","04-24071518","04-24063865","http://www.hondao.org.tw","office412@hondao.org.tw",
"社團法人臺南市社區照顧協會","臺南市","新營區","東興八街46號","臺南市新營區東興八街46號","2","居家服務","臺南市新營,臺南市東山,臺南市白河,臺南市柳營,臺南市鹽水,臺南市後壁","06-6379891","06-6330630","無","tainan.thc@msa.hinet.net",
"社團法人臺南市臺南都志願服務協會","臺南市","新營區","東興路221號","臺南市新營區東興路221號","2","居家服務","臺南市東區,中西區,臺南市南區,臺南市安平區,臺南市北區,安臺南市南區,臺南市永康區","06-6357286","06-6357349","無","t6357286@yahoo.com.tw",
"社團法人臺南市南瀛社會福利推展協會","臺南市","新營區","育德九街29號","臺南市新營區育德九街29號","2","居家服務","臺南市新營,臺南市東山,臺南市白河,臺南市柳營,   臺南市鹽水,臺南市後壁","06-6590488","06-6592648","無","nanying.sw@gmail.com?",
"大愛護理之家","臺南市","東山區","東正里1鄰東勢1-20號1樓","臺南市東山區東正里1鄰東勢1-20號1樓","02","居家服務","屏東縣潮州區(屏東縣潮州,屏東縣內埔,屏東縣萬巒,屏東縣竹田)屏東縣東港區(屏東縣東港,屏東縣新園,屏東縣南州,屏東縣崁頂,屏東縣琉球)屏東縣枋寮區(屏東縣枋寮,屏東縣林邊,屏東縣佳冬,屏東縣新埤)","06-6803010","06-6803010","無","di6803010@yahoo.com.tw",
"財團法人臺南市私立萬安社會福利慈善事業基金會","臺南市","官田區","文化街56號","臺南市官田區文化街56號","2","居家服務","臺南市山上,臺南市新市,臺南市新化,臺南市麻豆,   臺南市下營,臺南市官田,臺南市六甲,臺南市善化,   臺南市安定,臺南市大內","06-5790099","06-5790121","無","swcf_wanan@yahoo.com.tw",
"財團法人臺南市私立荷園社會福利慈善事業基金會","臺南市","永康區","中山南路195巷15號","臺南市永康區中山南路195巷15號","2","居家服務","臺南市西港,臺南市佳里,臺南市七股,臺南市將軍,臺南市學甲,臺南市北門,臺南市玉井,臺南市楠西,臺南市南化,臺南市左鎮","06-3020729","06-3020934","無","longcare99@gmail.com",
"社團法人臺南市容愛關懷服務協會","臺南市","永康區","大灣五街2號","臺南市永康區大灣五街2號","2","居家服務","臺南市山上,臺南市新市,臺南市新化,臺南市麻豆,   臺南市下營,臺南市官田,臺南市六甲,臺南市善化,   臺南市安定,臺南市大內,臺南市玉井,臺南市楠西,臺南市南化,臺南市左鎮","06-2717271","06-2718010","無","nt10417168@yahoo.com.tw",
"社團法人臺南市弘福社區關懷照顧服務協會","臺南市","永康區","國光六街2號1樓","臺南市永康區國光六街2號1樓","2","居家服務","臺南市西港,臺南市佳里,臺南市七股,臺南市將軍,臺南市學甲,臺南市北門","06-2058167","06-2058160","無","?homefu990308@gmail.com?",
"社團法人臺南市家庭關懷協會","臺南市","東區","東寧路120巷10-2號","臺南市東區東寧路120巷10-2號","2","居家服務","臺南市東區,臺南市中西區,臺南市南區,臺南市安平區,臺南市北區,臺南市安南區,臺南市永康區","06-2089838","06-2006693","無","shiowparng@yahoo.com.tw?",
"社團法人中華民國基督教女青年會協會台灣省臺南市支會","臺南市","東區","裕農路375號4樓","臺南市東區裕農路375號4樓","2","居家服務","臺南市東區,中西區,臺南市南區,臺南市安平區,臺南市北區,臺南市安南區,臺南市永康區","06-2007738","06-2356451","無","ywca.tn@hotmail.com",
"臺南市全人照護協會","臺南市","安平區","平通路61號2樓","臺南市安平區平通路61號2樓","2","居家服務","臺南市山上,臺南市新市,臺南市新化,臺南市麻豆,臺南市下營,臺南市官田,臺南市六甲,臺南市善化,臺南市安定,臺南市大內","06-2937250","06-2958212","無","care.service@msa.hinet.net",
"財團法人臺南市私立吾愛吾家養護中心","臺南市","安平區","永華十二街27巷10號","臺南市安平區永華十二街27巷10號","2","居家服務","臺南市東區,臺南市中西區,臺南市南區,臺南市安平區,臺南市北區,臺南市安南區,臺南市永康區","06-2952763","06-2994284","無","home723@gmail.com",
"中華民國紅十字會台灣省桃園縣支會","桃園市","桃園區","中福街66號","桃園市桃園區中福街66號","2","居家服務","桃園市八德區,桃園市龜山區,桃園市平鎮區,桃園市龍潭區","03-3327609","03-3361770","http://www.redcross.org.tw/","ty.red@msa.hinet.net",
"寬福護理之家","桃園市","桃園區","裕和街35號","桃園市桃園區裕和街35號","02","一般護理之家,居家服務","桃園市桃園區,桃園市大園區,桃園市蘆竹區","03-3702500","03-3702501","http://goo.gl/LDG3vw","cfnh99169042@gmail.com",
"社團法人桃園縣照顧服務協進會","桃園市","大溪區","天祥街1號","桃園市大溪區天祥街1號","2","居家服務","桃園市大溪,桃園市復興區","03-3873970","03-3877357","www.chiafuhome.com.tw","chiafuhome@hotmail.com",
"財團法人台灣省私立桃園仁愛之家","桃園市","楊梅區","梅獅路539巷3號","桃園市楊梅區梅獅路539巷3號","2","居家服務","桃園市中壢,桃園市觀音,桃園市楊梅,桃園市新屋","03-4643807","無","http:www.tych.org.tw/","tych.hs@hotmail.com",
