"單位名稱","地址_縣市","地址_鄉鎮市區","地址","設立地址","機構狀態","服務類型","服務區域","電話","傳真","單位網址","單位電子信箱","護理人員_合計","醫事人員_合計",
"連江縣立醫院附設居家護理所","連江縣","南竿鄉","217號","連江縣南竿鄉復興村217號","2","居家護理","連江縣南竿鄉","0836-23995","0836-22155","http://www.matsuh.gov.tw/","service@matsuh.gov.tw","1","0",
"連江縣北竿衛生所附設居家護理所","連江縣","北竿鄉","塘岐村25號","連江縣北竿鄉塘岐村25號","2","居家護理","連江縣北竿鄉","0836-55592","0836-56079","無","cherie0728@matsuhb.gov.tw","1","0",
"連江縣莒光鄉東莒衛生所附設居家護理所","連江縣","莒光鄉","30-1號","連江縣莒光鄉大坪村30-1號","2","居家護理","連江縣莒光鄉,連江縣東莒鄉","0836-89038","0836-89005","無","l88100@matsuhb.gov.tw","1","0",
"金門縣金沙鎮衛生所附設居家護理所","金門縣","金沙鎮","三民路16號","金門縣金沙鎮三民路16號","2","居家護理","金門縣金沙鎮","082-352854","082-352099","http://kis-jmh.mohw.gov.tw/pub/LIT_6.asp","tri880212@yahoo.com.tw","0","1",
"衛生福利部金門醫院附設居家護理所","金門縣","金湖鎮","復興路2號","金門縣金湖鎮復興路2號","2","居家護理","金門縣","082-332546#410","082-331809","http://www.kmhp.mohw.gov.tw/","yucho@kmhp.mosw.gov.tw","0","2",
"金寧鄉衛生所附設居家護理所","金門縣","金寧鄉","2-1號","金門縣金寧鄉2-1號","2","居家護理","金門縣金寧鄉","082-325735","無","http://kig-jmh.mohw.gov.tw/pub/LIT_6.asp","sumay1231@gmail.com","0","1",
"財團法人蘭陽仁愛醫院附設居家護理所","宜蘭縣","宜蘭市","中山路二段260號","宜蘭縣宜蘭市中山路二段260號","2","居家護理","宜蘭縣","03-9321888#1338","03-9324271","無","j1630@mail.jen-ai.org.tw","5","3",
"國立陽明大學附設醫院居家護理所","宜蘭縣","宜蘭市","新民路152號","宜蘭縣宜蘭市新民路152號","2","居家護理","宜蘭縣","03-9325192#3271","03-9354210","無","11230@ymuh.ym.edu.tw","6","5",
"宜蘭縣宜蘭市衛生所附設居家護理所","宜蘭縣","宜蘭市","復興路一段3號","宜蘭縣宜蘭市復興路一段3號","2","居家護理","宜蘭縣宜蘭市","03-9322362","03-9359754","http://yil.ilshb.gov.tw/","ilanmed@mail.e-land.gov.tw","1","1",
"仁里居家護理所","宜蘭縣","宜蘭市","宜興路一段29巷13號","宜蘭縣宜蘭市宜興路一段29巷13號","2","居家護理","宜蘭縣宜蘭市","無","無","無","","","",
"財團法人羅許基金會羅東博愛醫院附設居家護理所","宜蘭縣","羅東鎮","南昌街81號","宜蘭縣羅東鎮南昌街81號","2","居家護理","宜蘭縣羅東鎮,宜蘭縣五結鄉,宜蘭縣冬山鄉,宜蘭縣三星鄉,宜蘭縣蘇澳鎮,宜蘭縣員山鄉,宜蘭縣宜蘭市,宜蘭縣礁溪鄉,宜蘭縣壯圍鄉","03-9543131#5246","03-9556693","http://www.pohai.org.tw/","ltc@mail.pohai.org.tw","4","4",
"永晴居家護理所","宜蘭縣","羅東鎮","光榮路413,415號4樓","宜蘭縣羅東鎮光榮路413,415號4樓","2","居家護理","宜蘭縣宜蘭市,台北市,新北市","03-9559910","03-9558345","無","Ling660803@yahoo.com.tw","4","2",
"全心居家護理所","宜蘭縣","羅東鎮","維揚路136號","宜蘭縣羅東鎮維揚路136號","2","居家護理","宜蘭縣羅東鎮,宜蘭縣冬山鄉,宜蘭縣三星鄉,宜蘭縣五結鄉","03-9510789#703","03-9611468","無","pig530pink@yahoo.com.tw","1","1",
"醫療財團法人羅許基金會羅東博愛醫院附設居家護理所","宜蘭縣","羅東鎮","南昌街81號","宜蘭縣羅東鎮南昌街81號","2","居家護理","宜蘭縣羅東鎮,宜蘭縣五結鄉,宜蘭縣冬山鄉,宜蘭縣三星鄉,宜蘭縣蘇澳鎮,宜蘭縣員山鄉,宜蘭縣宜蘭市,宜蘭縣礁溪鄉,宜蘭縣壯圍鄉","03-9543131#5246","03-9556693","http://www.pohai.org.tw/","ltc@mail.pohai.org.tw","4","4",
"天主教靈醫會羅東聖母醫院附設居家護理所","宜蘭縣","羅東鎮","中正南路160號","宜蘭縣羅東鎮中正南路160號","2","居家護理","宜蘭縣(大同鄉,南澳鄉除外)","03-9564080","03-9544106#3220","www.smh.org.tw/hnc/hnc1.htm","smh02847@smh.org.tw,hnc6108@smh.org.tw","6","4",
"臺北榮民總醫院蘇澳分院附設居家護理所","宜蘭縣","蘇澳鎮","蘇濱路一段301號","宜蘭縣蘇澳鎮蘇濱路一段301號","2","居家護理","宜蘭縣","03-9905106","03-9908678","http://www.savh.gov.tw/savh/index.php?module=DeptInfo&action=about&sn=48","hc@mail.savh.gov.tw","2","3",
"宜蘭縣宜蘭縣頭城鎮衛生所附設居家護理所","宜蘭縣","頭城鎮","吉祥路15號","宜蘭縣頭城鎮吉祥路15號","2","居家護理","宜蘭縣頭城鎮","03-9771034","03-9776445","http://tou.ilshb.gov.tw/","toh-ylh@mail.e-land.gov.tw","2","1",
"宜蘭縣頭城鎮衛生所附設居家護理所","宜蘭縣","頭城鎮","吉祥路15號","宜蘭縣頭城鎮吉祥路15號","2","居家護理","宜蘭縣頭城鎮","03-9771034","03-9776445","http://tou.ilshb.gov.tw/","toh-ylh@mail.e-land.gov.tw","2","1",
"宜蘭縣礁溪鄉衛生所附設居家護理所","宜蘭縣","礁溪鄉","礁溪路四段126號B1","宜蘭縣礁溪鄉礁溪路四段126號B1","2","居家護理","宜蘭縣礁溪鄉","03-9882908","03-9870720","http://jia.ilshb.gov.tw/","3405@mail.e-land.gov.tw","1","1",
"宜蘭縣宜蘭縣礁溪鄉衛生所附設居家護理所","宜蘭縣","礁溪鄉","礁溪路四段126號B1","宜蘭縣礁溪鄉礁溪路四段126號B1","2","居家護理","宜蘭縣礁溪鄉","03-9882908","03-9870720","http://jia.ilshb.gov.tw/","3405@mail.e-land.gov.tw","1","1",
"財團法人宜蘭縣私立竹林養護院附設居家護理所","宜蘭縣","礁溪鄉","六結路151號","宜蘭縣礁溪鄉六結路151號","2","居家護理","宜蘭縣礁溪鄉,宜蘭縣頭城鎮","03-9889357","03-9874665","無","juli.nu@msa.hinet.net","1","1",
"宜蘭縣壯圍鄉衛生所附設居家護理所","宜蘭縣","壯圍鄉","中央路二段290號","宜蘭縣壯圍鄉中央路二段290號","2","居家護理","宜蘭縣壯圍鄉","03-9385503","03-9380875","http://jhu.ilshb.gov.tw/","shung0215@mail.e-land.gov.tw","1","1",
"宜蘭縣宜蘭縣員山鄉衛生所附設居家護理所","宜蘭縣","員山鄉","復興路2號","宜蘭縣員山鄉復興路2號","2","居家護理","宜蘭縣員山鄉","03-9221575","03-9227990","http://yua.ilshb.gov.tw/","ichien@mail.e-land.gov.tw","4","1",
"臺北榮民總醫院員山分院附設居家護理所","宜蘭縣","員山鄉","榮光路386號","宜蘭縣員山鄉榮光路386號","2","居家護理","宜蘭縣頭城鎮,宜蘭縣礁溪鄉,宜蘭縣宜蘭市,宜蘭縣員山鄉","03-9233364","03-9226353","http://www.ysvh.gov.tw/ysvh/index.php?ac=HomePage","ysvh321@mail.ysvh.gov.tw","1","2",
"宜蘭縣員山鄉衛生所附設居家護理所","宜蘭縣","員山鄉","復興路2號","宜蘭縣員山鄉復興路2號","2","居家護理","宜蘭縣員山鄉","03-9221575","03-9227990","http://yua.ilshb.gov.tw/","ichien@mail.e-land.gov.tw","4","1",
"宜蘭縣冬山鄉衛生所附設居家護理所","宜蘭縣","冬山鄉","中正路16號","宜蘭縣冬山鄉中正路16號","2","居家護理","宜蘭縣冬山鄉","03-9594772","03-9592981","http://don.ilshb.gov.tw/","cjing@mail.e-land.gov.tw","1","1",
"宜蘭縣宜蘭縣冬山鄉衛生所附設居家護理所","宜蘭縣","冬山鄉","中正路16號","宜蘭縣冬山鄉中正路16號","2","居家護理","宜蘭縣冬山鄉","03-9594772","03-9592981","http://don.ilshb.gov.tw/","cjing@mail.e-land.gov.tw","1","1",
"私立誼華居家護理所","宜蘭縣","五結鄉","鎮安路15巷22弄2號","宜蘭縣五結鄉鎮安路15巷22弄2號","2","居家護理","宜蘭縣","03-9504090","03-9577873","無","fanfan910516@yahoo.com.tw","2","2",
"宜蘭縣宜蘭縣五結鄉衛生所附設居家護理所","宜蘭縣","五結鄉","五結路二段337號","宜蘭縣五結鄉五結路二段337號","2","居家護理","宜蘭縣五結鄉","03-9501564","03-9507085","http://wuj.ilshb.gov.tw/","su-ruei@mail.e-land.gov.tw","4","1",
"宜蘭縣五結鄉衛生所附設居家護理所","宜蘭縣","五結鄉","五結路二段337號","宜蘭縣五結鄉五結路二段337號","2","居家護理","宜蘭縣五結鄉","03-9501564","03-9507085","http://wuj.ilshb.gov.tw/","su-ruei@mail.e-land.gov.tw","4","1",
"宜蘭縣三星鄉衛生所附設居家護理所","宜蘭縣","三星鄉","三星路五段70號","宜蘭縣三星鄉三星路五段70號","2","居家護理","宜蘭縣三星鄉","03-9892227","03-9893416","http://san.ilshb.gov.tw/","G8911224111@mail.e-land.gov.tw","1","1",
"宜蘭縣宜蘭縣三星鄉衛生所附設居家護理所","宜蘭縣","三星鄉","三星路五段70號","宜蘭縣三星鄉三星路五段70號","2","居家護理","宜蘭縣三星鄉","03-9892227","03-9893416","http://san.ilshb.gov.tw/","G8911224111@mail.e-land.gov.tw","1","1",
"宜蘭縣大同鄉衛生所","宜蘭縣","大同鄉","朝陽巷40號","宜蘭縣大同鄉朝陽巷40號","2","居家護理","宜蘭縣大同鄉","03-9801175","03-9801050","http://dat.ilshb.gov.tw/","nili2419@mail.e-land.gov.tw","2","0",
"宜蘭縣大同鄉衛生所附設居家護理所","宜蘭縣","大同鄉","朝陽巷40號","宜蘭縣大同鄉鄉朝陽巷40號","2","居家護理","宜蘭縣大同鄉鄉","03-9801175","03-9801050","http://dat.ilshb.gov.tw/","nili2419@mail.e-land.gov.tw","2","0",
"宜蘭縣南澳鄉衛生所附設居家護理所","宜蘭縣","南澳鄉","蘇花路二段375號","宜蘭縣南澳鄉蘇花路二段375號","2","居家護理","宜蘭縣南澳鄉","03-9981019","03-9982405","http://nan.ilshb.gov.tw/","無","1","2",
"竹北市衛生所附設居家護理所","新竹縣","竹北市","光明二街89號","新竹縣竹北市光明二街89號","2","居家護理","新竹縣竹北市","03-5533384","03-5554592,03-5551864","","1002383@hchg.gov.tw","1","1",
"東元綜合醫院附設居家護理所","新竹縣","竹北市","光明九路9-1號5樓","新竹縣竹北市光明九路9-1號5樓","2","居家護理","新竹縣","03-5527000#1175","03-6565081","無","無","0","3",
"新仁醫院附設居家護理所","新竹縣","竹北市","博愛街331號","新竹縣竹北市博愛街331號","2","居家護理","新竹縣,苗栗縣,桃園縣,新竹市","03-5552611","03-5550917","無","sjh65@seed.neet.tw","4","3",
"大安醫院附設居家護理所","新竹縣","竹北市","博愛街318巷6號","新竹縣竹北市博愛街318巷6號","2","居家護理","新竹縣,新竹市","03-5557188#932","03-5557189","無","ting580125@yahoo.com.tw","5","4",
"美安居家護理所","新竹縣","竹北市","四維街95巷6-2號3樓","新竹縣竹北市四維街95巷6-2號3樓","2","居家護理","新竹縣,新竹市,桃園縣,苗栗縣","03-5517731","03-5533910","無","meian@pie.com.tw","2","3",
"國立臺灣大學醫學院附設醫院竹東分院附設居家護理所","新竹縣","竹東鎮","至善路52號","新竹縣竹東鎮至善路52號","2","居家護理","新竹縣竹東鎮,新竹縣北埔鄉,新竹縣芎林鄉,新竹縣橫山鄉,新竹縣關西鎮","03-5943248#1132","03-5944121","www.chut.ntuh.gov.tw","c04019@chut.ntuh.gow","2","2",
"臺北榮民總醫院新竹分院附設居家護理所","新竹縣","竹東鎮","中豐路一段81號","新竹縣竹東鎮中豐路一段81號","2","居家護理","新竹縣竹東鎮,新竹縣關西鎮,新竹縣橫山鄉,新竹縣北埔鄉,新竹縣芎林鄉","03-5962134#564","03-6214992","http://www.vhct.gov.tw/","wu5871415@yahoo.com.tw","2","2",
"竹東鎮衛生所附設居家護理所","新竹縣","竹東鎮","中正路221號","新竹縣竹東鎮中正路221號","2","居家護理","新竹縣竹東鎮","03-5943566","03-5942370","無","無","1","1",
"新埔鎮衛生所附設居家護理所","新竹縣","新埔鎮","3鄰中正路758號","新竹縣新埔鎮3鄰中正路758號","2","居家護理","新竹縣新埔鎮","03-5882017","03-5891221","http://www.hcshb.gov.tw/sinpu/","1003545@hchg.gov.tw","5","1",
"關西鎮衛生所附設居家護理所","新竹縣","關西鎮","中山路207號","新竹縣關西鎮中山路207號","2","居家護理","新竹縣關西鎮","03-5872335","03-5870376","http://www.hcshb.gov.tw/Kuanshi/","無","7","1",
"天主教仁慈醫療財團法人附設新竹仁慈居家護理所","新竹縣","湖口鄉","15鄰忠孝路29號","新竹縣湖口鄉15鄰忠孝路29號","2","居家護理","新竹縣湖口鄉,新竹縣新豐鄉","03-5993500#2217","03-5906572","http://www.mercy.org.tw","6125@mercy.org.tw","3","3",
"湖口鄉衛生所附設居家護理所","新竹縣","湖口鄉","中興街36號","新竹縣湖口鄉中興街36號","2","居家護理","新竹縣湖口鄉","03-5992654","03-5902042","無","1002310@hchg.gov.tw","0","1",
"新豐鄉衛生所附設居家護理所","新竹縣","新豐鄉","建興路二段748巷25號","新竹縣新豐鄉建興路二段748巷25號","2","居家護理","新竹縣新豐鄉","03-5591151","03-5571302","無","1000236@hchg.gov.tw","1","1",
"芎林鄉衛生所附設居家護理所","新竹縣","芎林鄉","文山路532號","新竹縣芎林鄉文山路532號","2","居家護理","新竹縣芎林鄉","03-5924787","03-5924041","無","1000123@hchg.gov.tw","4","1",
"橫山鄉衛生所附設居家護理所","新竹縣","橫山鄉","3鄰新興街141巷10號","新竹縣橫山鄉3鄰新興街141巷10號","2","居家護理","新竹縣橫山鄉","03-5932004","03-5932014","http://www.hcshb.gov.tw/hengshan/","10011389@hchg.gov.tw","5","1",
"北埔鄉衛生所附設居家護理所","新竹縣","北埔鄉","北埔街90號","新竹縣北埔鄉北埔街90號","2","居家護理","新竹縣芎林鄉","03-5802304","03-5601056","http://www.hcshb.gov.tw","ou376440350I2402@hchg.gov.tw","5","1",
"寶山鄉衛生所附設居家護理所","新竹縣","寶山鄉","7鄰雙園路二段273號","新竹縣寶山鄉7鄰雙園路二段273號","2","居家護理","新竹縣寶山鄉","03-5203054","03-5209974","http://www.hcshb.gov.tw/baoshan/","1000134@hchg.gov.tw","1","1",
"峨眉鄉衛生所附設居家護理所","新竹縣","峨眉鄉","2鄰5號","新竹縣峨眉鄉2鄰5號","2","居家護理","新竹縣峨眉鄉","03-5800314, 03-5800014","03-5800195","無","7925195@hchg.gov.tw","5","1",
"尖石鄉衛生所附設居家護理所","新竹縣","尖石鄉","2鄰61號","新竹縣尖石鄉2鄰61號","2","居家護理","新竹縣尖石鄉","03-5842356","03-5842218","www.hcshb.gov.tw/jianshih/","ou376440352I0000@hehg.gov.tw","12","2",
"五峰鄉衛生所附設居家護理所","新竹縣","五峰鄉","6鄰99號","新竹縣五峰鄉6鄰99號","2","居家護理","新竹縣五峰鄉","03-5851005","03-5851276","http://www.hcshb.gov.tw/wufong/index.jsp","5828814@hchg.gov.tw","0","2",
"大千綜合醫院附設居家護理所","苗栗縣","苗栗市","信義街23號B1樓","苗栗縣苗栗市信義街23號B1樓","2","居家護理","苗栗市","037-357125#61208","037-362813","a504@dachien.com.tw","a504@dachien.com.tw","6","3",
"男丁格爾居家護理所","苗栗縣","苗栗市","8鄰中華路607巷15弄71號","苗栗縣苗栗市8鄰中華路607巷15弄71號","2","居家護理","苗栗縣,台中市豐原區","037-262540","037-267048","無","er901234@yahoo.com.tw","2","1",
"汎格安居家護理所","苗栗縣","苗栗市","16鄰中華東街402號2樓","苗栗縣苗栗市16鄰中華東街402號2樓","2","居家護理","苗栗縣","037-266070","037-267400","http://vkahc.myweb.hinet.net/2.htm","vka266070@gmail.com","1","1",
"順馨居家護理所","苗栗縣","苗栗市","新庄街350巷6號","苗栗縣苗栗市新庄街350巷6號","2","居家護理","苗栗縣","037-372999","037-360072","無","suewem@yahoo.com.tw","2","0",
"衛生福利部苗栗醫院附設居家護理所","苗栗縣","苗栗市","為公路747號","苗栗縣苗栗市為公路747號","2","居家護理","苗栗縣,苗栗市","037-261920","037-261936","81193@mail.mohw.gov.tw","81193@mail.mohw.gov.tw","1","1",
"李綜合醫療社團法人附設苑裡居家護理所","苗栗縣","苑裡鎮","和平路168號","苗栗縣苑裡鎮和平路168號","2","居家護理","苗栗縣苑裡鎮,苗栗縣通霄鎮,苗栗縣後龍鎮,台中市大甲區","037-862387","037-862377","www.leehospital.com.tw","luke0131@yahoo.com.tw","2","0",
"重光醫院附設居家護理所","苗栗縣","頭份鎮","中華路1039號","苗栗縣頭份市中華路1039號","2","居家護理","苗栗縣頭份鎮,苗栗縣竹南鎮,苗栗縣造橋鄉","037-591421","037-682971","http://chorng-guang.myweb.hinet.net/","Chorng.cuang@msa.hinet.net","2","0",
"財團法人為恭紀念醫院附設居家護理所","苗栗縣","頭份鎮","信義路128號","苗栗縣頭份市信義路128號","2","居家護理","苗栗縣頭份鎮,苗栗縣竹南鎮","037-676811#88888","037-691672","http://www.weigong.org.tw/hospitalized-residence.html","hp@weigong.org.tw","2","1",
"衛能居家護理所","苗栗縣","後龍鎮","13鄰26-11號","苗栗縣後龍鎮13鄰26-11號","2","居家護理","新竹縣,台中市,苗栗縣","037-726725","037-727206","無","k19780906@ymail.com","1","1",
"三義鄉衛生所附設居家護理所","苗栗縣","三義鄉","復興路45號","苗栗縣三義鄉復興路45號","2","居家護理","苗栗縣三義鄉","037-872014","037-873172","無","say03@tcmail.mohw.gov.tw","1","0",
"彰宜居家護理所","彰化縣","彰化市","16鄰崙平南路435號8樓","彰化縣彰化市16鄰崙平南路435號8樓","2","居家護理","彰化縣,南投縣","04-7615755","04-7615785","無","chi@pie.com.tw","4","8",
"彰化基督教醫療財團法人附設彰化基督教居家護理所","彰化縣","彰化市","南校街135號","彰化縣彰化市南校街135號","2","居家護理","彰化縣,臺中市","04-7238595#4511","04-7238595#4511","http://www2.cch.org.tw/layout_1/index.aspx?id=7500","d7500@cch.org.tw","9","14",
"秀傳醫療社團法人附設秀傳居家護理所","彰化縣","彰化市","中山路一段542號","彰化縣彰化市中山路一段542號","2","居家護理","彰化縣","04-7240829","04-7288828","無","homecare@show.org.tw","3","2",
"芳鄰居家護理所","彰化縣","彰化市","12鄰向陽街213巷2弄15號","彰化縣彰化市12鄰向陽街213巷2弄15號","2","居家護理","彰化縣","04-7521226","04-7515475","無","june0921@yahoo.com.tw","2","1",
"彰化基督教醫療財團法人附設鹿港基督教居家護理所","彰化縣","鹿港鎮","中正路480號","彰化縣鹿港鎮中正路480號","2","居家護理","彰化縣鹿港鎮,彰化縣和美鎮,彰化縣線西鄉,彰化縣伸港鄉,彰化縣秀水鄉,彰化縣埔鹽鄉,彰化縣福興鄉","04-7779595#7984","04-7761879","http://www.rc.cch.org.tw/index.aspx","709122@cch.org.tw","3","3",
"秀傳醫療財團法人附設彰濱居家護理所","彰化縣","鹿港鎮","鹿工路6號3樓","彰化縣鹿港鎮鹿工路6號3樓","2","居家護理","彰化縣","04-7813888#73179","","無","cbhomecare@show.org.tw","1","0",
"慈光護理之家增設居家護理業務","彰化縣","和美鎮","28鄰孝文路110號","彰化縣和美鎮28鄰孝文路110號","2","居家護理","彰化縣","04-7573895","04-7577437","http://tknh7437.myweb.hinet.net/","tknh7437@yahoo.com.tw","1","1",
"家歆居家護理所","彰化縣","花壇鄉","14鄰中正路355號","彰化縣花壇鄉14鄰中正路355號","2","居家護理","彰化縣,臺中市,南投縣,雲林縣,嘉義縣","04-7882595","04-7883419","http://blog.xuite.net/yvonne500001/ChanghuaHomecare","selena6041@yahoo.com.tw","4","4",
"祥安居家護理所","彰化縣","花壇鄉","忠孝街100號2樓","彰化縣花壇鄉忠孝街100號2樓","2","居家護理","彰化縣","04-7878555","04-7879222","無","leo-mb723@yahoo.com.tw","2","1",
"仁堡護理之家增設居家護理業務","彰化縣","花壇鄉","中山路一段40巷68號","彰化縣花壇鄉中山路一段40巷68號","2","居家護理","彰化縣","04-7868567","04-7870733","無","Yu.chin.chang@yahoo.com.tw","2","1",
"私立芬園居家護理所","彰化縣","芬園鄉","進芬村中山路6號","彰化縣芬園鄉進芬村中山路6號","2","居家護理","彰化縣彰化市,彰化縣和美鎮,彰化縣伸港鄉,彰化縣線西鄉,彰化縣員林市,彰化縣大村鄉,彰化縣埔心鄉,彰化縣永靖鄉,彰化縣田尾鄉,彰化縣秀水鄉,彰化縣社頭鄉,彰化縣田中鎮,彰化縣二水鄉,彰化縣北斗鎮,彰化縣溪州鄉,彰化縣鹿港鎮,彰化縣福興鄉,彰化縣埔鹽鄉,彰化縣溪湖鎮,南投縣草屯鎮","0931-333849","無","無","chang523588@gmail.com","","",
"伍倫醫療社團法人附設員榮居家護理所","彰化縣","員林鎮","中正路201號","彰化縣員林鎮中正路201號","2","居家護理","彰化縣","04-8326161#109","04-8319758","http://www.yuanrung.com.tw/ch/default.asp","y6y0323@gmail.com","2","2",
"惠來醫療社團法人附設清馨居家護理所","彰化縣","員林鎮","11鄰惠來街89號","彰化縣員林鎮11鄰惠來街89號","2","居家護理","彰化縣員林鎮,彰化縣田中鎮,彰化縣北斗鎮,彰化縣田尾鄉,彰化縣社頭鄉,彰化縣福興鄉,彰化縣埔鹽鄉,彰化縣埔心鄉,彰化縣溪湖鎮,彰化縣花壇鄉,彰化縣秀水鄉,彰化縣芳園鄉,南投縣竹山鎮","04-8375878#230,106","04-8375593","http://www.hongren.com.tw/","nurse@mail.hongren.com.tw","6","4",
"員林郭醫院附設護理之家增設居家護理業務","彰化縣","大村鄉","田洋橫巷2-9號","彰化縣大村鄉田洋橫巷2-9號","2","居家護理","彰化縣花壇鄉,彰化縣大村鄉,彰化縣員林鎮,彰化縣芳園鄉,彰化縣北斗鎮,彰化縣埔鹽鄉","04-8539888","04-8525966","http://www.kuohospital.com.tw/","nh8539888@yahoo.com.tw","2","3",
"衛生福利部彰化醫院附設居家護理所","彰化縣","埔心鄉","中正路二段80號","彰化縣埔心鄉中正路二段80號","2","居家護理","彰化縣","04-8298686#7931","04-8299967","無","homecare@chhw.mohw.gov.tw","2","3",
"儀馨居家護理所","彰化縣","社頭鄉","松竹村社石路940號","彰化縣社頭鄉松竹村社石路940號","2","居家護理","彰化縣社頭鄉","無","無","無","","","",
"珍瑩居家護理所","彰化縣","社頭鄉","朝興村山腳路2段724之3號","彰化縣社頭鄉朝興村山腳路2段724之3號","2","居家護理","彰化縣社頭鄉","無","無","無","","","",
"彰化縣二水鄉衛生所附設居家護理所","彰化縣","二水鄉","過圳路19號","彰化縣二水鄉過圳路19號","2","居家護理","彰化縣二水鄉","04-8791077","04-8794080","無","無","1","1",
"卓醫院附設護理之家增設居家護理業務","彰化縣","北斗鎮","中山路一段311號2,6樓","彰化縣北斗鎮中山路一段311號2,6樓","2","居家護理","彰化縣","04-8882995","04-8882617","http://www.chohp.com.tw/profile_list.php","chonh308@gmail.com","10","1",
"彰化基督教醫療財團法人附設二林基督教居家護理所","彰化縣","二林鎮","安和街40巷28號7樓","彰化縣二林鎮安和街40巷28號7樓","2","居家護理","彰化縣二林鎮,彰化縣芳苑鄉,彰化縣大城鄉,彰化縣埤頭鄉,彰化縣竹塘鄉,彰化縣溪州鄉,彰化縣南溪湖","04-8967755","04-8966991","無","125460@cch.org.tw","2","2",
"東明護理之家增設居家護理業務","彰化縣","二林鎮","斗苑路三段390巷77號","彰化縣二林鎮斗苑路三段390巷77號","2","居家護理","彰化縣","04-8956136","04-8955543","http://8956136.com.tw/","nursing136@yahoo.com.tw","2","1",
"洪宗鄰醫院附設護理之家增設居家護理業務","彰化縣","二林鎮","二溪路二段269號","彰化縣二林鎮二溪路二段269號","2","居家護理","彰化縣溪湖鎮","04-8955555","04-8956177","http://www.htlh.com.tw/nh/index.asp","Hong.hn@msa.hinet.net","1","2",
"名倫護理之家增設居家護理業務","彰化縣","溪州鄉","19鄰田中路49-30號","彰化縣溪州鄉19鄰田中路49-30號","2","居家護理","彰化縣","04-8806666","04-8803939","http://www.8806666.hos.tw/","uringlurn.nursing@msa.hinet.net","1","0",
"衛生福利部南投醫院附設居家護理所","南投縣","南投市","復興路478號","南投縣南投市復興路478號","2","居家護理","南投縣南投市,南投縣草屯鎮,南投縣中寮鄉,南投縣名間鄉","049-2231150","049-2242537","http://www.nant.mohw.gov.tw/","n00530@mant.mohw.gov.tw","1","3",
"南基醫院附設居家護理所","南投縣","南投市","大庄路179號","南投縣南投市大庄路179號","2","居家護理","南投縣南投市,南投縣名間區","049-2225595#1923","049-2225595#1924","http://www2.cch.org.tw/nyweb/","601687@cch.org.tw","6","4",
"埔里醫療財團法人埔里基督教醫院附設居家護理所","南投縣","埔里鎮","鐵山路1號","南投縣埔里鎮鐵山路1號","2","居家護理","南投縣埔里鎮鎮,南投縣國姓鄉,南投縣魚池鄉,南投縣水里鄉","049-2912151#1680","049-2912947","無","hc5812@mail.pch.org.tw","2","2",
"台中榮民總醫院埔里分院附設居家護理所","南投縣","埔里鎮","14鄰榮光路1號","南投縣埔里鎮14鄰榮光路1號","2","居家護理","南投縣埔里鎮,南投縣國姓鄉,南投縣魚池鄉,南投縣仁愛鄉","049-2990833#3550","049-2424009","http://www.pulivh.gov.tw/","silulu11@yahoo.com.tw","2","3",
"臺中榮民總醫院埔里分院附設居家護理所","南投縣","埔里鎮","14鄰榮光路1號","南投縣埔里鎮14鄰榮光路1號","2","居家護理","南投縣埔里鎮.南投縣國姓鄉.南投縣魚池鄉","049-2990833#3550","049-2424009","http://www.pulivh.gov.tw/","silulu11@yahoo.com.tw","2","2",
"","南投縣","竹山鎮","集山路二段75號","南投縣竹山鎮集山路二段75號","2","居家護理","南投縣竹山鎮,南投縣集集鎮,南投縣水里鄉,南投縣名間鄉","049-2624266#36928","049-2624366","www.csshow.org.tw","cs2033@csshow.org.tw","3","3",
"","南投縣","竹山鎮","集山路二段75號","南投縣竹山鎮集山路二段75號","2","居家護理","南投縣竹山鎮","049-2624266#36928","049-2624366","www.csshow.org.tw","cs2033@csshow.org.tw","3","3",
"","南投縣","竹山鎮","集山路二段75號","南投縣竹山鎮集山路二段75號","2","居家護理","南投縣","","","","","","",
"","南投縣","竹山鎮","集山路二段75號","南投縣竹山鎮集山路二段75號","2","居家護理","","","","","","","",
"","南投縣","竹山鎮","集山路二段75號","南投縣竹山鎮集山路二段75號","2","居家護理","","","","","","","",
"竹山秀傳醫院附設居家護理所","南投縣","竹山鎮","集山路二段75號","南投縣竹山鎮集山路二段75號","2","居家護理","南投縣竹山鎮,南投縣集集鎮,南投縣水里鄉,南投縣名間鄉","049-2624266#36928","049-2624366","www.csshow.org.tw","cs2033@csshow.org.tw","3","3",
"鹿谷鄉衛生所附設居家護理所","南投縣","鹿谷鄉","中正路二段20號","南投縣鹿谷鄉中正路二段20號","2","居家護理","南投縣鹿谷鄉","049-2752002","049-2754731","http://lgu-nth.mohw.gov.tw","aaliu8916@hotmail.com","5","1",
"中寮鄉衛生所附設居家護理所","南投縣","中寮鄉","永昌街102號","南投縣中寮鄉永昌街102號","2","居家護理","南投縣中寮鄉","049-2691404","049-2692943","http://jli-nth.mohw.gov.tw","無","0","1",
"南投縣魚池鄉衛生所附設居家護理所","南投縣","魚池鄉","魚池街194號","南投縣魚池鄉魚池街194號","2","居家護理","南投縣魚池鄉","049-2895513","049-2895340","http://yuc-nth.mohw.gov.tw","無","0","0",
"國姓鄉衛生所附設居家護理所","南投縣","國姓鄉","民族街42號","南投縣國姓鄉民族街42號","2","居家護理","南投縣國姓鄉","049-2721009","049-2724618","http://gsh-nth.mohw.gov.tw","無","1","1",
"信義鄉衛生所","南投縣","信義鄉","玉山路45號","南投縣信義鄉玉山路45號","2","居家護理,居家復健","南投縣信義鄉","049-2791148","049-2792016","http://shy-nth.mohw.gov.tw","","0","2",
"信義鄉衛生所附設居家護理所","南投縣","信義鄉","玉山路45號","南投縣信義鄉玉山路45號","2","居家護理","南投縣信義鄉","049-2791148","049-2792016","http://shy-nth.mohw.gov.tw","無","1","1",
"南投縣仁愛鄉衛生所附設居家護理所","南投縣","仁愛鄉","五福巷17號","南投縣仁愛鄉五福巷17號","2","居家護理","南投縣仁愛鄉","049-2802341","049-2802414","http://lan-nth.mohw.gov.tw","無","0","2",
"國立臺灣大學醫學院附設醫院雲林分院附設居家護理所","雲林縣","斗六市","雲林路二段579號","雲林縣斗六市雲林路二段579號","2","居家護理","雲林縣古坑鄉,雲林縣斗六市,雲林縣斗南鎮,雲林縣林內鄉,雲林縣莿桐鄉","05-5335365","05-5325823","無","10_101i@yahoo.com.tw","4","3",
"安生醫院附設居家護理所","雲林縣","斗六市","保長路498號","雲林縣斗六市保長路498號","2","居家護理","台南市,嘉義縣,嘉義市,雲林縣","05-5353959","05-5353961","http://annsun168.blogspot.tw/","m920111@yahoo.com.tw","1","2",
"洪揚醫院附設居家護理所","雲林縣","斗六市","文化路138號","雲林縣斗六市文化路138號","2","居家護理","雲林縣","05-5323039#222","05-5321717","http://www.hygh.com.tw/","bco0923@yahoo.com.tw","1","2",
"國立台灣大學醫學院附設醫院雲林分院附設居家護理所","雲林縣","斗六市","雲林路二段579號","雲林縣斗六市雲林路二段579號","2","居家護理","雲林縣","05-5335365","05-5325823","無","10_101i@yahoo.com.tw","4","3",
"國立成功大學醫學院附設醫院斗六分院附設居家護理所","雲林縣","斗六市","莊敬路345號","雲林縣斗六市莊敬路345號","2","居家護理","雲林縣","05-5332121","05-5341312","http://d6www.hosp.ncku.edu.tw/dept/nurse/main.asp","p306160@dou6.hosp.ncku.edu.tw","2","4",
"財團法人佛教慈濟綜合醫院大林分院附設斗六門診部附設居家護理所","雲林縣","斗六市","雲林路二段248號","雲林縣斗六市雲林路二段248號","2","居家護理","雲林縣斗六市,雲林縣大埤鄉,雲林縣斗南鎮,雲林縣古坑鄉,雲林縣莿桐鄉,雲林縣林內鄉","05-5372000#111","05-5370503","無","cute@tzuchi.com.tw","1","1",
"代安居家護理所","雲林縣","斗六市","明德北路一段171號","雲林縣斗六市明德北路一段171號","2","居家護理","雲林縣","05-5349899","無","無","diane99tw@gmail.com","","",
"天主教若瑟醫療財團法人附設居家護理所","雲林縣","虎尾鎮","16鄰新生路74號","雲林縣虎尾鎮16鄰新生路74號","2","居家護理","雲林縣","05-6337333#2272","05-6336333","http://www.stjoho.org.tw/department/ph/honor_1.htm","ph@mail.stjoho.org.tw","6","2",
"天主教若瑟醫療財團法人附設若瑟居家護理所","雲林縣","虎尾鎮","16鄰新生路74號","雲林縣虎尾鎮16鄰新生路74號","2","居家護理","雲林縣二崙鄉,雲林縣元長鄉,雲林縣北港鎮,雲林縣口湖鄉,雲林縣古坑鄉,雲林縣四湖鄉,雲林縣土庫鎮,雲林縣大埤鄉,雲林縣崙背鄉,雲林縣斗六市,雲林縣斗南鎮,雲林縣東勢鄉,雲林縣林內鄉,雲林縣水林鄉,雲林縣莿桐鄉,雲林縣虎尾鎮,雲林縣褒忠鄉,雲林縣西螺鎮,雲林縣麥寮鄉","05-6337333#2272","05-6336333","http://www.stjoho.org.tw/department/ph/honor_1.htm","ph@mail.stjoho.org.tw","6","2",
"彰化基督教醫療財團法人附設雲林基督教居家護理所","雲林縣","西螺鎮","市場南路375號","雲林縣西螺鎮市場南路375號","2","居家護理","雲林縣西螺鎮,雲林縣二崙鄉,雲林縣崙背鄉,雲林縣麥寮鄉，雲林縣莿桐鄉","05-5871111","05-5872000","http://www.yl.cch.org.tw/dot/","801884@cch.org.tw","2","1",
"彰化基督教醫療財團法人雲林基督教醫院附設居家護理所","雲林縣","西螺鎮","區場南路375號","雲林縣西螺鎮市場南路375號","2","居家護理","雲林縣西螺鎮,雲林縣二崙鄉,雲林縣崙背鄉,雲林縣麥寮鄉","05-5871111","05-5872000","http://www.yl.cch.org.tw/dot/","801884@cch.org.tw","2","1",
"中國醫藥大學北港附設醫院附設居家護理所","雲林縣","北港鎮","新德路123號","雲林縣北港鎮新德路123號","2","居家護理","雲林縣北港鎮,雲林縣水林鄉,雲林縣口湖鄉,雲林縣四湖鄉,雲林縣元長鄉,雲林縣土庫鎮,雲林縣台西鄉,雲林縣東勢鄉,雲林縣麥寮鄉,雲林縣褒忠鄉","05-7823831","05-7837901#1152","http://www.yl.cch.org.tw/dot/","no382@mail.bh.cmu.edu","2","1",
"全生醫院附設居家護理所","雲林縣","北港鎮","中正路100號2樓","雲林縣北港鎮中正路100號2樓","2","居家護理","雲林縣,嘉義縣","05-7826808","05-7826809","無","zeii@ms42.hinet.net","2","2",
"佳康居家護理所","雲林縣","北港鎮","新德路110號","雲林縣北港鎮新德路110號","2","居家護理","雲林縣元長鄉,雲林縣北港鎮,雲林縣水林鄉,雲林縣口湖鄉,雲林縣四湖鄉,雲林縣褒忠鄉,雲林縣台西鄉,雲林縣東勢鄉","05-7838593,0985-903798","05-7824943","無","chiumiao998@yahoo.com.tw","1","1",
"主恩居家護理所","雲林縣","大埤鄉","民權路7號","雲林縣大埤鄉民權路7號","2","居家護理","雲林縣林內鄉,雲林縣古坑鄉,雲林縣斗六市,雲林縣莿桐鄉,雲林縣斗南鎮,雲林縣二崙鄉,雲林縣虎尾鎮,雲林縣大埤鄉,雲林縣崙背鄉,雲林縣元長鄉,雲林縣北港鎮,雲林縣土庫鎮","05-5912202","05-5912182","無","edward.baby@msa.hinet.net","1","3",
"?忠三仁診所附設居家護理所","雲林縣","褒忠鄉","中正路466號","雲林縣褒忠鄉中正路466號","2","居家護理","雲林縣褒忠鄉","05-6973111","05-6971332","無","bo601224@yahoo.com.tw","1","1",
"嘉義縣太保市衛生所附設居家護理所","嘉義縣","太保市","14鄰443號","嘉義縣太保市14鄰443號","2","居家護理","嘉義縣太保市","05-3711273","05-3714862","http://clinic.cyshb.gov.tw/h4011/pub/LIT_6.asp","4011@cyshb.gov.tw","2","1",
"朴子市衛生所附設居家護理所","嘉義縣","朴子市","光復路40號","嘉義縣朴子市光復路40號","2","居家護理","嘉義縣朴子市（27里）","05-3792037","05-3700418","http://clinic.cyshb.gov.tw/h4001/pub/News.asp","4001b@cyshb.gov.tw","1","0",
"衛生福利部朴子醫院附設居家護理所","嘉義縣","朴子市","42-50號","嘉義縣朴子市42-50號","2","居家護理","嘉義縣東石鄉,嘉義縣布袋鎮,嘉義縣六腳鄉,嘉義縣鹿草鄉,嘉義縣義竹鄉,嘉義縣太保市,嘉義縣朴子市","05-3790600*718","05-3795256","http://www.puzih.mohw.gov.tw","fm@puzih.mohw.gov.tw","2","0",
"長庚醫院財團法人附設嘉義居家護理所","嘉義縣","朴子市","嘉朴路西段6號","嘉義縣朴子市嘉朴路西段6號","2","居家護理","嘉義縣東石鄉,嘉義縣布袋鎮,嘉義縣義竹鄉,嘉義縣鹿草鄉,嘉義縣朴子市,嘉義縣六腳鄉,嘉義縣新港鄉,嘉義縣太保市,嘉義縣水上鄉","05-3621000*2718","05-3621000*2797","https://www.cgmh.org.tw/branch/branch_jia.htm","p22109@cgmh.org.tw","4","1",
"佳維居家護理所","嘉義縣","朴子市","竹圍里中興路89號8樓之3","嘉義縣朴子市竹圍里中興路89號8樓之3","2","居家護理","嘉義縣朴子市（27里）","05-3660654","05-3660684","無","","1","0",
"布袋衛生所附設居家護理所","嘉義縣","布袋鎮","21號","嘉義縣布袋鎮21號","2","居家護理","嘉義縣布袋鎮","05-3472032","05-3476620","http://clinic.cyshb.gov.tw/h4002/pub/LIT_6.asp","4002a@cyshb.gov.tw","3","1",
"佛教慈濟醫療財團法人附設大林慈濟居家護理所","嘉義縣","大林鎮","7鄰民生路2號","嘉義縣大林鎮7鄰民生路2號","2","居家護理","嘉義縣,雲林縣","05-2648000*5404","05-2648000*5407","http://www.tzuchi.com.tw/","lianne@tzuchi.com.tw","3","3",
"嘉義縣大林鎮衛生所附設居家護理所","嘉義縣","大林鎮","中山路252號","嘉義縣大林鎮中山路252號","2","居家護理","嘉義縣大林鎮","05-2652042","05-2641136","http://clinic.cyshb.gov.tw/h4003/pub/LIT_6.asp","4003b@cyshb.gov.tw","1","1",
"嘉義縣民雄鄉衛生所附設居家護理所","嘉義縣","民雄鄉","文化路2號","嘉義縣民雄鄉文化路2號","2","居家護理","嘉義縣民雄鄉","05-2262018","05-2263562","http://clinic.cyshb.gov.tw/h4004/pub/LIT_6.asp","4004b@cyshb.gov.tw","1","1",
"嘉義縣溪口鄉衛生所附設居家護理所","嘉義縣","溪口鄉","中山路1號","嘉義縣溪口鄉中山路1號","2","居家護理","嘉義縣溪口鄉","05-2691046","05-2695812","http://clinic.cyshb.gov.tw/h4005/pub/News.asp","4005b@cyshb.gov.tw","2","1",
"嘉義縣新港鄉衛生所附設居家護理所","嘉義縣","新港鄉","中山路167號","嘉義縣新港鄉中山路167號","2","居家護理","嘉義縣新港鄉(共23村)","05-3742025","05-3747105","http://clinic.cyshb.gov.tw/h4006/portal/PortalHome.asp","4006c@cyshb.gov.tw","2","1",
"六腳鄉衛生所","嘉義縣","六腳鄉","73-1號","嘉義縣六腳鄉73-1號","2","居家護理","嘉義縣六腳鄉","05-3800616","05-3800450","http://clinic.cyshb.gov.tw/h4007/pub/News.asp","4007i@cyshb.gov.tw","1","0",
"嘉義縣東石鄉衛生所附設居家護理所","嘉義縣","東石鄉","11鄰3-7號","嘉義縣東石鄉11鄰3-7號","2","居家護理","嘉義縣東石鄉","05-3732340","05-3730440","http://clinic.cyshb.gov.tw/h4008/pub/News.asp","4008c@cyshb.gov.tw","2","1",
"鹿草鄉衛生所附設居家護理所","嘉義縣","鹿草鄉","287-3號","嘉義縣鹿草鄉287-3號","2","居家護理","嘉義縣鹿草鄉","05-3752080","05-3750203","http://clinic.cyshb.gov.tw/h4010/portal/PortalHome.asp","a3080@mail.cyshb.gov.tw","1","1",
"嘉義縣水上鄉衛生所附設居家護理所","嘉義縣","水上鄉","正義路145號","嘉義縣水上鄉正義路145號","2","居家護理","嘉義縣水上鄉","05-2682059","05-2683893","http://clinic.cyshb.gov.tw/h4012/pub/News.asp","4012b@cyshb.gov.tw","1","1",
"嘉義縣嘉義縣中埔鄉衛生所附設居家護理所","嘉義縣","中埔鄉","嘉義縣130-1號","嘉義縣嘉義縣中埔鄉130-1號","2","居家護理","嘉義縣中埔鄉","05-2531008","05-2534826","http://clinic.cyshb.gov.tw/h4013/pub/LIT_6.asp","4013j@cyshb.gov.tw","1","1",
"宜恩居家護理所","嘉義縣","中埔鄉","富收村興化部22-55號","嘉義縣中埔鄉富收村興化部22-55號","2","居家護理","嘉義縣中埔鄉","05-2305779","無","無","","","",
"嘉義縣竹崎鄉衛生所附設居家護理所","嘉義縣","竹崎鄉","19號-1","嘉義縣竹崎鄉19號-1","2","居家護理","嘉義縣竹崎鄉","05-2611264","05-2615635","http://clinic.cyshb.gov.tw/h4014/pub/News.asp","4014i@cyshb.gov.tw","1","0",
"台中榮總灣橋分院附設居家護理所","嘉義縣","竹崎鄉","石麻園路38號","嘉義縣竹崎鄉石麻園路38號","2","居家護理","嘉義縣竹崎鄉,嘉義縣民雄鄉,嘉義縣梅山鄉,嘉義縣中埔鄉,嘉義縣番路鄉,嘉義市","05-2791072*3086","05-2791821","http://www.vhcy.gov.tw/vhwc/","jo67@vghtc.gov.tw","2","3",
"嘉義縣梅山鄉衛生所附設居家護理所","嘉義縣","梅山鄉","華山路18號","嘉義縣梅山鄉華山路18號","2","居家護理","嘉義縣梅山鄉","05-2621049","05-2622841","http://clinic.cyshb.gov.tw/h4015/portal/PortalHome.asp","4015f@cyshb.gov.tw","1","1",
"嘉義縣番路鄉衛生所附設居家護理所","嘉義縣","番路鄉","2鄰60號","嘉義縣番路鄉2鄰60號","2","居家護理","嘉義縣番路鄉","05-2591148","05-2592840","http://clinic.cyshb.gov.tw/h4016/pub/News.asp","4016h@cyshb.gov.tw","6","1",
"嘉義縣大埔鄉衛生所附設居家護理所","嘉義縣","大埔鄉","4鄰53-1號","嘉義縣大埔鄉4鄰53-1號","2","居家護理","嘉義縣大埔鄉","05-2521214","05-2521370","http://clinic.cyshb.gov.tw/h4017/pub/News.asp","4017d@cyshb.gov.tw","1","1",
"嘉義縣阿里山鄉衛生所附設居家護理所","嘉義縣","阿里山鄉","3鄰97-2號","嘉義縣阿里山鄉3鄰97-2號","2","居家護理","嘉義縣阿里山鄉","05-2561573","05-2561850","http://clinic.cyshb.gov.tw/h4018/pub/News.asp","4018g@cyshb.gov.tw","","",
"幸運草居家護理所","屏東縣","屏東市","中正路413-8號","屏東縣屏東市中正路413-8號","2","居家護理","台中市北屯區,彰化縣","08-7517837","08-7517837","無","dudulon66@yahoo.com.tw","1","1",
"國軍高雄總醫院附設屏東民眾診療服務處附設居家護理所","屏東縣","屏東市","大湖路58巷22號","屏東縣屏東市大湖路58巷22號","2","居家護理","屏東縣屏東市,屏東縣萬丹鄉,屏東縣竹田鄉,屏東縣西勢鄉","08-7560756-157","08-7554091","https://802.mnd.gov.tw/ListDivisionChange.DoCommitState.do?StateEvent=DivisionChangeEvent&WebId=02","homecare@mail.802.org.tw","1","1",
"幸運草居家護理所","屏東縣","屏東市","中正路413-8號","屏東縣屏東市中正路413-8號","2","居家護理","屏東縣","08-7517837","08-7517837","無","dudulon66@yahoo.com.tw","1","2",
"星安居家護理所","屏東縣","屏東市","華盛街45號","屏東縣屏東市華盛街45號","2","居家護理","屏東縣,高雄市","08-7551080","08-7551080","無","amytsai162@yahoo.com.tw","2","4",
"國仁醫院附設居家護理所","屏東縣","屏東市","民生東路12-2號B2樓","屏東縣屏東市13鄰民生東路12-2號B2樓","2","居家護理","屏東縣屏東市","08-7223000#7236","08-7216032","無","yulinchiet@yahoo.com.tw","1","1",
"寶建醫療社團法人寶建醫院附設居家護理所","屏東縣","屏東市","3鄰中山路119號","屏東縣屏東市3鄰中山路119號","2","居家護理","屏東縣","08-7665995#1361","08-7327438","http://www.paochien.com.tw/","com1367@mail.paochien.com.tw","2","3",
"民眾醫院附設居家護理所","屏東縣","屏東市","忠孝路120-1號","屏東縣屏東市忠孝路120-1號","2","居家護理","屏東縣長治鄉,屏東市,屏東縣內埔鄉,屏東縣麟洛鄉,屏東縣九如鄉,屏東縣鹽埔鄉","08-7325455-322","08-7653963","http://www.hospital-ez.com.tw/myhome/index.html","irene670219@kimo.com","3","3",
"屏基醫療財團法人附設屏基居家護理所","屏東縣","屏東市","瑞光路三段96號","屏東縣屏東市瑞光路三段96號","2","居家護理","屏東縣屏東市,屏東縣長治鄉,屏東縣麟洛鄉,屏東縣內埔鄉,屏東縣竹田鄉,屏東縣萬巒鄉,屏東縣萬丹鄉,屏東縣九如鄉,屏東縣里港鄉,屏東縣鹽埔鄉","08-7376481","08-7350342","http://www.ptch.org.tw/","02229@ptch.org.tw","5","7",
"華康居家護理所","屏東縣","屏東市","民生東路76-3號4樓","屏東縣屏東市民生東路76-3號4樓","2","居家喘息,居家護理","屏東縣屏東市,屏東縣,屏東市","08-7223331","08-7216203","無","r122796@yahoo.com.tw","0","",
"安泰醫療社團法人安泰醫院附設居家護理所","屏東縣","東港鎮","中正路一段210號","屏東縣東港鎮中正路一段210號","2","居家護理","屏東縣新圍鄉 ,屏東縣萬州鄉,屏東縣潮州鎮,屏東縣崁頂鄉,屏東縣南州鄉,屏東縣新埤鄉,屏東縣萬巒鄉,屏東縣竹田鄉,屏東縣林邊鄉,屏東縣佳冬鄉,屏東縣枋寮鄉,屏東縣內埔鄉,屏東縣車港鎮,高雄市林園區","08-8329966#2013,2015","08-8326026","http://www.tsmh.org.tw/~webapp/b/index.htm;","homecare@mail.tsmh.org.tw","7","6",
"輔英科技大學附設醫院附設居家護理所","屏東縣","東港鎮","中山路5號","屏東縣東港鎮中山路5號","2","居家護理","屏東縣東港鎮,屏東縣林邊鄉,屏東縣佳冬鄉,屏東縣枋寮鄉,屏東縣南州鄉,屏東縣新園鄉,屏東縣崁頂鄉","08-8323146#1515","08-8338796","無","chwu@fy.org.tw","2","2",
"南門醫院附設居家護理所","屏東縣","恆春鎮","南門路10號","屏東縣恆春鎮南門路10號","2","居家護理","屏東縣恆春鎮,屏東縣滿州鄉,屏東縣牡丹鄉,屏東縣車城鄉,屏東縣枋山鄉,屏東縣獅子鄉,屏東縣枋寮鄉","08-8894565, 08-8894568-68","08-8895874","http://blog.xuite.net/t223058638/blog","acer223058638@yahoo.com.tw","2","2",
"民暉居家護理所","屏東縣","萬丹鄉","中興路二段476號","屏東縣萬丹鄉中興路二段476號","2","居家喘息,居家護理","屏東縣內埔鄉,屏東縣潮州鎮,屏東縣屏東市","08-7760666","08-7763285","無","kuo1234@yahoo.com.tw","0","",
"正欣居家護理所","屏東縣","萬丹鄉","大隆路66巷8號","屏東縣萬丹鄉大隆路66巷8號","2","居家護理","屏東縣屏東市","08-7077018","08-7077330","無","xin7018@yahoo.com.tw","7","1",
"吉泰居家護理所","屏東縣","萬丹鄉","萬新路1075號","屏東縣萬丹鄉萬新路1065巷32號","2","居家護理","屏東縣屏東市","08-7763162","08-7763162","無","zk2926@yahoo.com.tw","3","2",
"大地居家護理所","屏東縣","高樹鄉","興中路1巷70號1樓","屏東縣高樹鄉興中路1巷70號1樓","2","居家護理","屏北地區","08-7960943","08-7326206","無","a59111733@yahoo.com.tw","2","2",
"高樹鄉衛生所附設居家護理所","屏東縣","高樹鄉","南昌路12-2號","屏東縣高樹鄉南昌路12-2號","2","居家護理","屏東縣高樹鄉","08-7962026","08-7963414","http://203.65.42.172/pingtungcounty11/pub/News.asp","a.kainurse@yahoo.com.tw","0","1",
"屏東縣高樹鄉衛生所附設居家護理所","屏東縣","高樹鄉","南昌路12-2號","屏東縣高樹鄉南昌路12-2號","2","居家護理","屏東縣高樹鄉","08-7962026","08-7963414","http://203.65.42.172/pingtungcounty11/pub/News.asp","a.kainurse@yahoo.com.tw","0","1",
"美和科技大學附設居家護理所","屏東縣","內埔鄉","屏光路23號","屏東縣內埔鄉屏光路23號","2","居家護理","屏東縣","08-7799821","80-7781726","http://www.meiho.edu.tw/bin/home.php","X00003218@meiho.edu.tw","5","3",
"高雄榮民總醫院屏東分院附設居家護理所","屏東縣","內埔鄉","昭勝路臺南市安平區一巷1號","屏東縣內埔鄉昭勝路臺南市安平區一巷1號","2","居家護理","屏東縣屏東市,屏東縣內埔鄉,屏東縣瑪家鄉,屏東縣三和村,屏東縣三地門鄉","08-7704115#765","08-7709083","http://www.vhlc.gov.tw","niner@mail.vhlc.gov.tw","2","4",
"莘翊居家護理所","屏東縣","竹田鄉","振福路35-1號1樓","屏東縣竹田鄉振福路35-1號1樓","2","居家護理","屏東縣","08-7711389","08-7712265","無","heart0987623228@hotmail.com.tw","1","2",
"琉球鄉衛生所附設居家護理所","屏東縣","琉球鄉","中山路51號","屏東縣琉球鄉中山路51號","2","居家護理","屏東縣琉球鄉","08-8612513","08-8612966","http://203.65.42.172/pingtungcounty22/pub/News.asp","lic0824@ksmail.mohw.gov.tw","6","3",
"屏東縣琉球鄉衛生所附設居家護理所","屏東縣","琉球鄉","中山路51號","屏東縣琉球鄉中山路51號","2","居家護理","屏東縣琉球鄉","08-8612513","08-8612966","http://203.65.42.172/pingtungcounty22/pub/News.asp","lic0824@ksmail.mohw.gov.tw","6","3",
"屏東縣三地門鄉衛生所附設居家護理所","屏東縣","三地門鄉","行政街4號","屏東縣三地門鄉行政街4號","2","居家護理","屏東縣三地門鄉","08-7991284","08-7993759","http://203.65.42.172/pingtungcounty26/pub/LIT_6.asp","joan990330@hotmail.com","0","1",
"馬偕醫院臺東分院附設居家護理所","臺東縣","臺東市","9鄰長沙街303巷1號","臺東縣臺東市9鄰長沙街303巷1號","2","居家護理","台東縣台東市、卑南鄉","089-356947","089-358350","無","a1715@mnh.org.tw","4","0",
"東基醫療財團法人臺東基督教醫院","臺東縣","臺東市","39鄰開封街350號","臺東縣臺東市39鄰開封街350號","2","居家護理","台東縣台東市、延平鄉、鹿野鄉、卑南鄉、太麻里鄉","089-960888","089-960210","http://www.tch.org.tw/TchWeb/","advice@tch.org.tw","4","0",
"臺北榮民總醫院臺東分院附設居家護理所","臺東縣","臺東市","更生路1000號","臺東縣臺東市更生路1000號","2","居家護理","台東縣臺東市、卑南鄉、鹿野鄉、東河鄉","089-222995","","","sulin@vhtt.gov.tw","1","0",
"天主教花蓮教區醫療財團法人臺東聖母醫院","臺東縣","臺東市","杭州路2號","臺東縣臺東市杭州路2號","2","居家護理","台東縣臺東市、延平鄉、卑南鄉、鹿野鄉、海端鄉、池上鄉、成功鎮、大武鄉、太麻里鄉、東河鄉、長濱鄉、金峰鄉、達仁鄉、綠島鄉、蘭嶼鄉、關山鎮","089-322833","089-345758","http://www.st-mary.org.tw/index.php","N00077@st-mary.org.tw","4","0",
"衛生福利部臺東醫院附設居家護理所","臺東縣","臺東市","五權街1號","臺東縣臺東市五權街1號","2","居家護理","臺東縣卑南鄉,臺東縣臺東市,臺東縣大武鄉,臺東縣太麻里鄉,臺東縣延平鄉,臺東縣成功鎮,臺東縣東河鄉,臺東縣池上鄉,臺東縣海端鄉,臺東縣綠島鄉,臺東縣蘭嶼鄉,臺東縣達仁鄉,臺東縣金峰鄉,臺東縣長濱鄉,臺東縣關山鎮,臺東縣鹿野鄉","089-324112#1131","089-343560","http://www.tait.mohw.gov.tw","linglu@tait.mohw.gov.tw","1","0",
"晴安居家護理所","臺東縣","臺東市","中華路三段103號","臺東縣臺東市中華路三段103號","2","居家護理","台東縣","089-358500","089-321600","http://chingan089.pixnet.net/blog","hwan6499@gmail.com","3","0",
"安康護理之家含居家護理","臺東縣","臺東市","中華路三段195號","臺東縣臺東市中華路三段195號","2","居家護理","台東縣","089-345865","089-348705","","macarehome@gmail.com","","",
"衛生福利部台東醫院附設居家護理所","臺東縣","臺東市","五權街1號","台東縣臺東市五權街1號","2","居家護理","台東縣","089-324112#1131","089-343560","http://www.tait.mohw.gov.tw","linglu@tait.mohw.gov.tw","2","2",
"東基醫療財團法人台東基督教醫院","臺東縣","臺東市","39鄰開封街350號","台東縣臺東市39鄰開封街350號","2","居家護理,居家復健","台東縣台東市,台東縣關山鎮,臺東縣鹿野鄉","089-960888","089-960210","http://www.tch.org.tw/TchWeb/","advice@tch.org.tw","4","2",
"馬偕醫院台東分院附設居家護理所","臺東縣","臺東市","9鄰長沙街303巷1號","台東縣台東市9鄰長沙街303巷1號","2","居家護理","台東縣台東市,台東縣卑南鄉","089-356947","089-358350","無","a1715@mnh.org.tw","3","3",
"天主教花蓮教區醫療財團法人台東聖母醫院","臺東縣","臺東市","杭州路2號","台東縣台東市杭州路2號","2","居家護理","台東縣","089-322833","089-345758","http://www.st-mary.org.tw/index.php","N00077@st-mary.org.tw","4","4",
"臺東縣成功鎮衛生所附設居家護理所","臺東縣","成功鎮","中山東路64號","臺東縣成功鎮中山東路64號","2","居家護理","臺東縣成功鎮","089-851419","089-850875","http://203.65.42.172/taitungcounty13/pub/News.asp","yy4945@yahoo.com.tw","1","0",
"台東縣成功鎮衛生所附設居家護理所","臺東縣","成功鎮","中山東路64號","台東縣成功鎮中山東路64號","2","居家護理","台東縣成功鎮","089-851419","089-850875","http://203.65.42.172/taitungcounty13/pub/News.asp","yy4945@yahoo.com.tw","1","1",
"佛教慈濟醫療財團法人關山慈濟醫院附設居家護理所","臺東縣","關山鎮","和平路一二五之五號","臺東縣關山鎮和平路125之5號","2","居家護理","台東縣鹿野鄉,台東縣關山鎮,台東縣海端鄉,台東縣池上鄉","089-814880#520","089-814873","無","amy17@tzuchi.com.tw","2","4",
"台東縣卑南鄉衛生所附設居家護理所","臺東縣","卑南鄉","和平路132號","台東縣卑南鄉和平路132號","2","居家護理","台東縣卑南鄉","089-382042","089-382043","無","naomichen51@gmail.com","1","0",
"台東縣鹿野鄉衛生所附設居家護理所","臺東縣","鹿野鄉","中華路1段418號","台東縣鹿野鄉中華路1段418號","2","居家護理","台東縣鹿野鄉","089-551074","089-550265","無","Vaclav67@yahoo.com.tw","0","1",
"臺東縣鹿野鄉衛生所附設居家護理所","臺東縣","鹿野鄉","中華路1段418號","臺東縣鹿野鄉中華路1段418號","2","居家護理","臺東縣鹿野鄉","089-551074","089-550265","無","Vaclav67@yahoo.com.tw","1","0",
"台東縣池上鄉衛生所附設居家護理所","臺東縣","池上鄉","3鄰中山路104號","台東縣池上鄉3鄰中山路104號","2","居家護理","台東縣池上鄉","089-862609","089-863151","http://203.65.42.172/taitungcounty11/pub/News.asp","chrshang@ksmail.doh.gov.tw","6","1",
"臺東縣池上鄉衛生所附設居家護理所","臺東縣","池上鄉","3鄰中山路104號","臺東縣池上鄉3鄰中山路104號","2","居家護理","臺東縣池上鄉","089-862609","089-863151","http://203.65.42.172/taitungcounty11/pub/News.asp","chrshang@ksmail.doh.gov.tw","1","0",
"台東縣東河鄉衛生所附設居家護理所","臺東縣","東河鄉","10鄰300號","台東縣東河鄉10鄰300號","2","居家護理","台東縣東河鄉","089-896289","089-896650","無","bikosu@yahoo.com.tw","1","1",
"臺東縣東河鄉衛生所附設居家護理所","臺東縣","東河鄉","東河村10鄰300號","臺東縣東河鄉東河村10鄰300號","2","居家護理","臺東縣東河鄉","089-896289","089-896650","無","bikosu@yahoo.com.tw","1","0",
"台東縣長濱鄉衛生所附設居家護理所","臺東縣","長濱鄉","中興路7鄰46號","台東縣長濱鄉中興路7鄰46號","2","居家護理","台東縣長濱鄉","089-831387","089-831879","無","kuo5902@yahoo.com.tw","0","1",
"臺東縣長濱鄉衛生所附設居家護理所","臺東縣","長濱鄉","中興路7鄰46號","臺東縣長濱鄉中興路7鄰46號","2","居家護理","臺東縣長濱鄉","089-831387","089-831879","無","kuo5902@yahoo.com.tw","1","0",
"台東縣太麻里衛生所附設居家護理所","臺東縣","太麻里鄉","民權路66號","台東縣太麻里鄉民權路66號","2","居家護理","台東縣太麻里鄉","089-781220","089-782972","http://www.nhi.gov.tw/","savi620703@yahoo.com.tw","0","1",
"臺東縣太麻里衛生所附設居家護理所","臺東縣","太麻里鄉","民權路66號","臺東縣太麻里鄉民權路66號","2","居家護理","臺東縣太麻里鄉","089-781220","089-782972","http://www.nhi.gov.tw/","savi620703@yahoo.com.tw","1","0",
"臺東縣大武鄉衛生所附設居家護理所","臺東縣","大武鄉","海濱路100號","臺東縣大武鄉海濱路100號","2","居家護理","臺東縣大武鄉","089-791325","089-791004","無","chiachi421@hotmail.com","1","0",
"台東縣大武鄉衛生所附設居家護理所","臺東縣","大武鄉","海濱路100號","台東縣大武鄉海濱路100號","2","居家護理","台東縣大武鄉","089-791325","089-791004","無","Liupeisan6761@yahoo.com.tw","9","1",
"台東縣綠島鄉衛生所附設居家護理所","臺東縣","綠島鄉","1號","台東縣綠島鄉1號","2","居家護理","台東縣綠島鄉","089-672511","089-671144","http://203.65.42.172/taitungcounty15/pub/LIT_6.asp","sntine1130@yahoo.com.tw","1","0",
"臺東縣綠島鄉衛生所附設居家護理所","臺東縣","綠島鄉","中寮村1號","臺東縣綠島鄉中寮村1號","2","居家護理","臺東縣綠島鄉","089-672511","089-671144","http://203.65.42.172/taitungcounty15/pub/LIT_6.asp","sntine1130@yahoo.com.tw","1","0",
"台東縣海端鄉衛生所附設居家護理所","臺東縣","海端鄉","山界29號","台東縣海端鄉山界29號","2","居家護理","台東縣海端鄉","089-931391","089-931816","","","9","1",
"臺東縣海端鄉衛生所附設居家護理所","臺東縣","海端鄉","海端村山界29號","臺東縣海端鄉海端村山界29號","2","居家護理","臺東縣海端鄉","089-931391","089-931816","","無","1","0",
"臺東縣延平鄉衛生所附設居家護理所","臺東縣","延平鄉","1鄰昇平路11號","臺東縣延平鄉1鄰昇平路11號","2","居家護理","臺東縣延平鄉","089-561040","089-561358","http://www.yphc.gov.tw/home/","ibu5503@yahoo.com.tw","1","0",
"台東縣延平鄉衛生所附設居家護理所","臺東縣","延平鄉","1鄰昇平路11號","台東縣延平鄉1鄰昇平路11號","2","居家護理","台東縣延平鄉","089-561040","089-561358","http://www.yphc.gov.tw/home/","ibu5503@yahoo.com.tw","6","2",
"臺東縣金峰鄉衛生所附設居家護理所","臺東縣","金峰鄉","賓茂村一鄰14號","臺東縣金峰鄉賓茂村一鄰14號","2","居家護理","臺東縣金峰鄉","089-771176","089-771132","無","jif531005@yahoo.com.tw","1","0",
"台東縣金峰鄉衛生所附設居家護理所","臺東縣","金峰鄉","1鄰14號","台東縣金峰鄉1鄰14號","2","居家護理","台東縣金峰鄉","089-771176","089-771132","無","203.65.42.172/taitungcounty3/pub/News.asp","7","2",
"台東縣達仁鄉衛生所附設居家護理所","臺東縣","達仁鄉","復興路13鄰122號","台東縣達仁鄉復興路13鄰122號","2","居家護理","台東縣達仁鄉（森永村,安朔村,南田村,新化村,台?村,土板村）","089-702209","089-702509","http://203.65.42.172/taitungcounty1/pub/LIT_6.asp","","7","2",
"臺東縣達仁鄉衛生所附設居家護理所","臺東縣","達仁鄉","安朔村復興路158號","臺東縣達仁鄉安朔村復興路158號","2","居家護理","臺東縣達仁鄉（森永村,安朔村,南田村,新化村,臺?村,土板村）","089-702209","089-702509","http://203.65.42.172/taitungcounty1/pub/LIT_6.asp","robeccakao64@yahoo.com.tw","1","0",
"台東縣蘭嶼鄉衛生所附設居家護理所","臺東縣","蘭嶼鄉","36號","台東縣蘭嶼鄉36號","2","居家護理","台東縣蘭嶼鄉","089-732575,732557","089-731694,089-732657","http://203.65.42.172/taitungcounty16/pub/LIT_6.asp","yiting35@yahoo.com.tw","8","3",
"臺東縣蘭嶼鄉衛生所附設居家護理所","臺東縣","蘭嶼鄉","紅頭村３６號","臺東縣蘭嶼鄉紅頭村３６號","2","居家護理","臺東縣蘭嶼鄉","089-732575,732557","089-731694,089-732657","http://203.65.42.172/taitungcounty16/pub/LIT_6.asp","yiting35@yahoo.com.tw","1","0",
"原鄉居家護理所","花蓮縣","花蓮市","花蓮市南京街312巷8號","花蓮市南京街312巷8號","2","居家護理","花蓮縣光復鄉,花蓮縣卓溪鄉,花蓮縣吉安鄉,花蓮縣壽豐鄉,花蓮縣富里鄉,花蓮縣新城鄉,花蓮縣玉里鎮,花蓮縣瑞穗鄉,花蓮縣秀林鄉,花蓮縣花蓮市,花蓮縣萬榮鄉,花蓮縣豐濱鄉,花蓮縣鳳林鎮","03-8542400","03-8545425","無","nurse0419101818@yahoo.com.tw","3","1",
"真愛居家護理所","花蓮縣","花蓮市","富強路63號1號","花蓮縣花蓮市富強路63號1號","2","居家護理","花蓮縣","03-8561352","03-8562807","無","Nsja38@yahoo.com.tw","2","1",
"慈愛居家護理所","花蓮縣","花蓮市","中美路148號5樓之1C戶","花蓮縣花蓮市中美路148號5樓之1C戶","2","居家護理","花蓮縣","03-8246251","03-8246043","無","ciai.rt@msa.hinet.net","1","3",
"佛教慈濟醫療財團法人附設花蓮慈濟居家護理所","花蓮縣","花蓮市","中央路3段707號","花蓮縣花蓮市中央路3段707號","2","居家護理","花蓮縣吉安鄉,花蓮縣花蓮市,花蓮縣新城鄉","03-8561825","03-8569191","http://hlm.tzuchi.com.tw/","Line@tzuchi.com.tw","8","21",
"衛生福利部花蓮醫院附設居家護理","花蓮縣","花蓮市","13鄰中正路600號","花蓮縣花蓮市13鄰中正路600號","2","居家護理","花蓮縣新城鄉,花蓮縣吉安鄉,花蓮市干城鄉","03-8358141","03-8335428","www.hwln.mohw.gov.tw","yschuang@hwln.mohw.gov.tw","1","3",
"康榮居家護理所","花蓮縣","花蓮市","富強路61號1樓","花蓮縣花蓮市富強路61號1樓","2","居家護理","花蓮縣","03-8578701","03-8578703","無","wei86165@gmail.com","2","2",
"台灣基督教門諾會醫療財團法人附設門諾居家護理所","花蓮縣","花蓮市","民權路44號","花蓮縣花蓮市民權路44號","2","居家護理","花蓮縣秀林鄉,花蓮縣新城鄉,花蓮縣花蓮市,花蓮縣吉安鄉,花蓮縣壽豐鄉","03-8241223,8241350","03-8241349","無","tub001101@Mch.org.tw","6","6",
"花蓮縣鳳林鎮衛生所附設居家護理所","花蓮縣","鳳林鎮","公正街8-1號","花蓮縣鳳林鎮公正街8-1號","2","居家護理","花蓮縣鳳林鎮","03-8761116","03-8764107","http://203.65.42.172/hualiencounty6/pub/News.asp","f45022@ms43.hinet.net","0","1",
"臺北榮民總醫院鳳林分院附設居家護理所","花蓮縣","鳳林鎮","中正路1段2號","花蓮縣鳳林鎮中正路1段2號","2","居家護理","花蓮縣光復鄉,花蓮縣鳳林鎮,花蓮縣萬榮鄉(西林,見晴,萬榮,明利村等)","03-8764539#602","03-8760383","無","a5495@mail.flvh.gov.tw","3","2",
"衛生福利部玉里醫院附設居家護理所","花蓮縣","玉里鎮","中華路448號","花蓮縣玉里鎮中華路448號","2","居家護理","花蓮縣玉里鎮","03-8886141","03-8880279","http://www.5151.tw/tcare/hospital.php?id=7145030027","無","","",
"國軍花蓮總醫院附設民眾診療服務處附設居家護理所","花蓮縣","新城鄉","嘉里路163號","花蓮縣新城鄉嘉里路163號","2","居家護理","花蓮縣花蓮市","03-8260703","03-8261370","無","juifen@mail.h805.com.tw","3","3",
"安旭居家護理所","花蓮縣","吉安鄉","中央路3段432號","花蓮縣吉安鄉中央路3段432號","2","居家護理","花蓮縣","03-8581076","03-8581075","無","hwang20060109@yahoo.com.tw","1","3",
"博仁居家護理所","花蓮縣","吉安鄉","華工六路90巷71號1樓","花蓮縣吉安鄉華工六路90巷71號1樓","2","居家護理","花蓮縣","03-8422113","03-8520028","無","","2","1",
"花蓮縣壽豐鄉衛生所附設居家護理所","花蓮縣","壽豐鄉","公園路28巷10號","花蓮縣壽豐鄉公園路28巷10號","2","居家護理","花蓮縣壽豐鄉","03-8652101#2","03-8650049","http://203.65.42.172/hualiencounty5/pub/News.asp","","0","1",
"花蓮縣光復鄉衛生所附設居家護理所","花蓮縣","光復鄉","中學街158號","花蓮縣光復鄉中學街158號","2","居家護理","花蓮縣光復鄉","03-8701114","03-8700640","http://203.65.42.172/hualiencounty8/pub/LIT_6.asp","無","","",
"衛生福利部花蓮醫院豐濱原住民分院附設居家護理所","花蓮縣","豐濱鄉","光豐路41號","花蓮縣豐濱鄉光豐路41號","2","居家護理","花蓮縣豐濱鄉","03-8791385","03-8791781","http://www.hwln.mohw.gov.tw/?aid=52&pid=91","mhli@email.hwln.mohw.gov.tw  ","","",
"花蓮縣瑞穗鄉衛生所附設居家護理所","花蓮縣","瑞穗鄉","民生街75號","花蓮縣瑞穗鄉民生街75號","2","居家護理","花蓮縣瑞穗鄉","03-8872045","03-8870137","http://203.65.42.172/hualiencounty9/pub/News.asp","無","","",
"花蓮縣富里鄉衛生所附設居家護理所","花蓮縣","富里鄉","中山路203號","花蓮縣富里鄉中山路203號","2","居家護理","花蓮縣富里鄉","03-8831029","03-8830125","http://203.65.42.172/hualiencounty12/pub/News.asp","chi716@ms.hlshb.gov.tw","0","1",
"花蓮縣秀林鄉衛生所附設居家護理所","花蓮縣","秀林鄉","秀林路12鄰88號","花蓮縣秀林鄉秀林路12鄰88號","2","居家護理","花蓮縣秀林鄉","03-8612122","03-8612125","http://203.65.42.172/hualiencounty1/portal/PortalHome.asp","slphc@ms.37.hinet.net","0","2",
"花蓮縣萬榮鄉衛生所附設居家護理所","花蓮縣","萬榮鄉","1鄰12號","花蓮縣萬榮鄉1鄰12號","2","居家護理","花蓮縣萬榮鄉","03-8751651","03-8751852","http://203.65.42.172/hualiencounty7/portal/PortalHome.asp","","0","2",
"花蓮縣卓溪鄉衛生所附設居家護理所","花蓮縣","卓溪鄉","6鄰65號","花蓮縣卓溪鄉6鄰65號","2","居家護理","花蓮縣卓溪鄉","03-8882592","03-8887877","http://203.65.42.172/hualiencounty11/pub/News.asp","a6532121@ms58.hinet.net","7","1",
"財團法人天主教靈醫會惠民醫院附設居家護理所","澎湖縣","馬公市","中興里樹德路14號","澎湖縣馬公市中興里樹德路14號","2","居家護理","澎湖縣馬公市,澎湖縣白沙鄉,澎湖縣湖西鄉","06-9272318#408","06-9276745","http://penhu.net/9271750/b0.html","schp103@yahoo.com.tw","","",
"澎湖縣馬公市第一衛生所附設居家護理所","澎湖縣","馬公市","中興里樹德路36號","澎湖縣馬公市中興里樹德路36號","2","居家護理","澎湖縣馬公市","06-9273958","06-9275594","http://event.penghu.gov.tw/phchb4401/","fmhc@ksmail.mohw.gov.tw","","",
"仁祥診所附設居家護理服務部","基隆市","仁愛區","忠一路23號2樓","基隆市仁愛區忠一路23號2樓","2","居家護理","基隆市信義區,基隆市仁愛區,基隆市七堵區,基隆市暖暖區,基隆市中正區,基隆市安樂區,基隆市中山區,新北市金山區,新北市瑞芳區","02-24227080","02-24272555","http://www.zsh.com.tw/c/002-1.htm","home@zsh.com.tw","4","2",
"衛生福利部基隆醫院附設居家護理","基隆市","信義區","信二路268號","基隆市信義區信二路268號","2","居家護理","基隆市","02-24292525#7635,8723","02-24275609","http://www.kln.mohw.gov.tw/","nursehc@kln.mohw.gov.tw","2","2",
"美綠居家護理所","基隆市","信義區","東信路268號","基隆市信義區東信路268號","2","居家護理","基隆市七堵區,基隆市中山區,基隆市中正區,基隆市仁愛區,基隆市信義區,基隆市安樂區,基隆市暖暖區","928136555","無","無","無","1","0",
"國泰醫療財團法人附設新竹居家護理所","新竹市","東區","中華路二段678號","新竹市東區中華路二段678號","2","居家護理","新竹市","03-5278999#2865","03-5284099","http://hsinchu.cgh.tw/tw/content/class/home","hchomecare@cgh.org.tw","2","4",
"南門綜合醫院附設居家護理所","新竹市","東區","林森路20號5樓","新竹市東區林森路20號5樓","2","居家護理","新竹市","03-5261122#825","03-5237061","http://www.nanmen.com.tw","home@nanmen.com.tw","1","3",
"新迦居家護理所","新竹市","東區","5鄰忠孝路440號3樓之2","新竹市東區5鄰忠孝路440號3樓之2","2","居家護理","新竹市","03-5626966","03-5615161","無","Home.care888@msa.hinet.net","0","0",
"台灣基督長老教會馬偕醫療財團法人附設新竹馬偕居家護理所","新竹市","東區","10鄰光復路二段690號","新竹市東區10鄰光復路二段690號","2","居家護理","","03-6119595#6108","03-6111174","http://www.hc.mmh.org.tw/NweWeb/Project01.aspx?Project=74CH&Page=About&Kind=dept","d74ch@ms7.mmh.org.tw","2","1",
"德霖居家護理所","新竹市","東區","東明街211號4F之5","新竹市東區東明街211號4F之5","2","居家護理","新竹市","0934367592","03-5720306","無","rt534178763@gmail.com","2","0",
"國立臺灣大學醫學院附設醫院新竹分院附設居家護理所","新竹市","北區","21鄰經國路一段442巷25號","新竹市北區21鄰經國路一段442巷25號","2","居家護理","新竹市北區,新竹市東區,新竹市香山區","03-5326151#4010","03-5439974","無","ebuy.huang@gmail.com","3","1",
"和松居家護理所","新竹市","北區","和平路86巷11號1樓","新竹市北區和平路86巷11號1樓","2","居家護理","新竹市","03-5247350","03-5249686","無","ho.song123@msa.hinet.net","2","4",
"人愛居家護理所","新竹市","北區","24鄰竹光路8號11樓之15","新竹市北區24鄰竹光路8號11樓之15","2","居家護理","新竹市","03-5428040","03-5423054","http://www.nanmen.com.tw","j5428040@yahoo.com.tw","2","3",
"國軍新竹地區醫院附設民眾診療服務處附設居家護理所","新竹市","北區","武陵路3號","新竹市北區武陵路3號","2","居家護理","新竹市","03-5348181#325645","03-5427481","無","hc3140@yahoo.com.tw","3","4",
"戴德森醫療財團法人附設嘉基居家護理所","嘉義市","東區","忠孝路539號","嘉義市東區忠孝路539號","2","居家護理","嘉義市,嘉義縣民雄鄉,嘉義縣大林鎮,嘉義縣溪口鄉,嘉義縣新港鄉,嘉義縣太保市,嘉義縣竹崎鄉,嘉義縣嘉義縣番路鄉,嘉義縣水上鄉,嘉義縣中埔鄉","05-2765041#7003","05-2781966","無","cych04530@gmail.com","5","3",
"天主教中華聖母修女會醫療財團法人附設天主教聖馬爾定居家護理所","嘉義市","東區","芳安路103號","嘉義市東區芳安路103號","2","居家護理","嘉義市,嘉義縣","05-2253961","05-2289916#1020","http://www.stm.org.tw/","f410@stm.org.tw","4","4",
"嘉義市私立蘭潭家福護理之家附設居家護理所","嘉義市","東區","2鄰學府路299號","嘉義市東區2鄰學府路299號","2","居家護理","嘉義市,嘉義縣","05-2759200","05-2759205","?www.chifu-nursing.com.tw","chifu.nursing@msa.hinet.net","1","2",
"世華護理之家附設居家護理所","嘉義市","東區","和平路178號","嘉義市東區和平路178號","2","居家護理","嘉義市,嘉義縣","05-2767102","05-2774386","無","hua957@yahoo.com.tw","2","2",
"喜樂康居家護理所","嘉義市","東區","忠孝路577號","嘉義市東區忠孝路577號","2","居家護理","嘉義市,嘉義縣,彰化縣,南投縣,台南市","05-2752338","05-2752338","無","m920111@yahoo.com.tw","","",
"慈恩居家護理所","嘉義市","東區","芳德街99號","嘉義市芳德街99號","2","居家護理","嘉義市東區,嘉義市西區,嘉義縣.梅山鄉.太和村.中埔鄉.同仁村.和興村.頂埔村.民雄鄉.豐收村.北斗村.山中村.西安村..竹崎鄉.竹崎村.鹿滿村.水上鄉.三和村.大林鄉.台南市新營區.西港區.西港村.鹽水區.北門區.鹿草鄉.後堀村.雲林縣虎尾鎮.北港鎮四湖鄉.西湖村.口湖鄉.頂湖村.水林鄉.水北村.古坑鄉.桂林村.土庫鎮.斗六市.彰化縣埔心鄉","05-2280869","05-2280879","無","Cych02976@gmail.com","3","2",
"欣松居家護理所","嘉義市","西區","德陽街30號10樓之4","嘉義市西區德陽街30號10樓之4","2","居家護理","嘉義市,嘉義縣","05-2911152","05-2314518","無","sine.song@msa.hinet.net","2","2",
"盧亞人醫院附設居家護理所","嘉義市","西區","民權路406號","嘉義市西區民權路406號","2","居家護理","嘉義市","05-2248347","05-2259176","http://www.yaren.com.tw/","t2259176@yahoo.com.tw","2","1",
"仁德醫療社團法人附設護理之家","嘉義市","西區","林森西路285號","嘉義市西區林森西路285號","2","居家護理","嘉義市,嘉義縣","05-2258279#198","05-2237816","?http://www.jdhc.org.tw/index.php","cjdhp@hotmail.com.tw","1","3",
"慶昇醫院附設居家護理所","嘉義市","西區","德安路116號","嘉義市西區德安路116號","2","居家護理","嘉義市","05-2339777","05-2319933","??無","hc2339777@gmail.com","","",
"臺中榮民總醫院嘉義分院附設居家護理所","嘉義市","西區","世賢路二段600號","嘉義市西區世賢路二段600號","2","居家護理","嘉義市,嘉義縣水上鄉,嘉義縣中埔鄉,嘉義縣民雄鄉,嘉義縣太保鄉,嘉義縣朴子鄉","05-2359630#3560","05-2361849","http://www.vhcy.gov.tw/vhcy/","cyhcp2@vghtc.gov.tw","2","2",
"衛生福利部嘉義醫院附設居家護理所","嘉義市","西區","北港路312號","嘉義市西區北港路312號","2","居家護理","嘉義市,嘉義縣新港鄉,嘉義縣竹崎鄉,嘉義縣中埔鄉,嘉義縣水上鄉,嘉義縣民雄鄉,嘉義縣六腳鄉,嘉義縣太保市","05-2319090#19888","05-2316781","無","q1960q@yahoo.com.tw","2","2",
"嘉義市私立瑞泰護理之家","嘉義市","西區","光彩街595號","嘉義市西區光彩街595號","2","一般護理之家,居家護理","嘉義市書院里,嘉義市劉厝里,嘉義縣民雄鄉,嘉義縣番路鄉","05-2258852","05-2257917","http://www.raytai.org.tw","retirednh@seed.net.tw","11","1",
"基督復臨安息日會醫療財團法人附設臺安居家護理所","臺北市","松山區","八德路400號5樓","臺北市松山區八德路400號5樓","2","居家護理","臺北市松山區,臺北市信義區,臺北市大安區,臺北市中山區,臺北市大同區,臺北市文山區,臺北市內湖區,臺北市南港區","02-27718151#2777","02-27816792","http://www.tahsda.org.tw/homecare/","homecare@tahsda.org.tw","3","0",
"博仁綜合醫院附設居家護理所","臺北市","松山區","光復北路66號6樓","臺北市松山區光復北路66號6樓","2","居家護理","台北市,新北市永和區,新北市中和區,新北市板橋區,新北市三重區,新北市新莊區,新北市新店區,新北市土城區,新北市鶯歌區,新北市瑞芳區,新北市貢寮區,基隆市暖暖區","02-25782518#2668","02-25782479","無","w10082300@yahoo.com.tw","3","3",
"基督復臨安息日會醫療財團法人附設台安居家護理所","臺北市","松山區","八德路400號5樓","台北市松山區八德路400號5樓","2","居家護理","台北市松山區,台北市信義區,台北市大安區,台北市中山區,台北市大同區,台北市文山區,台北市內湖區,台北市南港區","02-27718151#2777","02-27816792","http://www.tahsda.org.tw/homecare/","homecare@tahsda.org.tw","3","5",
"三軍總醫院松山分院附設民眾診療服務處附設居家護理所","臺北市","松山區","1鄰健康路131號","臺北市松山區1鄰健康路131號","2","居家護理","台北市松山區,台北市內湖區,台北市中山區,台北市信義區,台北市南港區","02-27617086","02-27609862","http://807.mnd.gov.tw/","judy_cpr@yahoo.com.tw","4","4",
"台北醫學大學附設醫院附設居家護理所","臺北市","信義區","吳興街252號","台北市信義區吳興街252號","2","居家護理","新北市中和區,新北市永和區,台北市信義區,台北市大安區,台北市松山區,台北市南港區","02-27372181#3525-3527","02-23789878","www.tmuh.org.tw/tmuh_web/Nursing/Nursing_service.php","tmchchn@h.tmu.edu.tw","4","6",
"私立仁康醫院所附設居家護理所","臺北市","信義區","4鄰基隆路二段131-24號","臺北市信義區4鄰基隆路二段131-24號","2","居家護理","台北市大安區,台北市信義區,台北市南港區,台北市松山區,台北市士林區,台北市萬華區,台北市文山區","02-27360226","02-27331525","http://www.njkh.com.tw/Default_jkh_Hospital.aspx","Jen.kang.hospital@gmail.com","1","2",
"信慈居家護理所","臺北市","信義區","忠孝東路五段410號7樓","臺北市忠孝東路五段410號7樓","2","居家護理","台北市,新北市,基隆市,桃園縣市,新竹縣市,宜蘭縣市","02-87803099","02-87860706","無","yufeng@brojaw.com.tw","","",
"臺北醫學大學附設醫院附設居家護理所","臺北市","信義區","吳興街252號","臺北市信義區吳興街252號","2","居家護理","新北市中和區,新北市永和區,臺北市信義區,臺北市大安區,臺北市松山區,臺北市南港區","02-27372181#3525-3527","02-23789878","www.tmuh.org.tw/tmuh_web/Nursing/Nursing_service.php","tmchchn@h.tmu.edu.tw","5","0",
"臺北市立聯合醫院附設仁愛居家護理所","臺北市","大安區","16鄰仁愛路四段10號5樓","臺北市大安區16鄰仁愛路四段10號5樓","2","居家護理","臺北市中正區,臺北市松山區,臺北市信義區,臺北市大安區,臺北市中山區,臺北市文山區","02-27093600#1227","02-23258175","http://www.tpech.gov.taipei/mp.asp?mp=109151","B0413@tpech.gov.tw","4","0",
"安歆居家護理所","臺北市","大安區","1鄰復興南路二段236號12樓","臺北市大安區1鄰復興南路二段236號12樓","2","居家護理","台北市,新北市永和區,新北市中和區,新北市板橋區,新北市三重區,新北市新莊區,新北市汐止區,新北市新店區,新北市土城區,新北市蘆洲區,新北市淡水區,新北市三峽區,新北市樹林區,新北市鶯歌區,新北市萬里區,新北市金山區,新北市平溪區,基隆市,宜蘭","02-27011740","02-27036038","無","honeyney1109@yahoo.com.tw","8","5",
"國泰醫療財團法人附設居家護理所","臺北市","大安區","22鄰仁愛路四段280號","臺北市大安區22鄰仁愛路四段280號","2","居家護理","台北市","02-27082121#3956","02-27849932","無","273118@cgh.org.tw","2","3",
"財團法人獎卿護理展望基金會大台北居家護理所","臺北市","大安區","12鄰和平東路一段216號10樓","台北市大安區12鄰和平東路一段216號10樓","2","居家護理","台北市,新北市永和區,新北市中和區,新北市板橋區,新北市三重區,新北市新莊區,新北市汐止區,新北市新店區,新北市蘆洲區,新北市五股區","02-23646040#17","02-23640373","http://www.ccfnh.com.tw/article2-3.html","ccfhcn@yahoo.com.tw","3","0",
"台北市立聯合醫院附設仁愛居家護理所","臺北市","大安區","16鄰仁愛路四段10號5樓","台北市大安區16鄰仁愛路四段10號5樓","2","居家護理","台北市中正區,台北市松山區,台北市信義區,台北市大安區,台北市中山區,台北市文山區","02-27093600#1227","02-23258175","http://www.tpech.gov.taipei/mp.asp?mp=109151","B0413@tpech.gov.tw","5","8",
"財團法人獎卿護理展望基金會大臺北居家護理所","臺北市","大安區","12鄰和平東路一段216號10樓","臺北市大安區12鄰和平東路一段216號10樓","2","居家護理","臺北市中山區,臺北市中正區,臺北市信義區,臺北市內湖區,臺北市北投區,臺北市南港區,臺北市士林區,臺北市大同區,臺北市大安區,臺北市文山區,臺北市松山區,臺北市萬華區,新北市永和區,新北市中和區,新北市板橋區,新北市三重區,新北市新莊區,新北市汐止區,新北市新店區,新北市蘆洲區,新北市五股區","02-23646040#17","02-23640373","http://www.ccfnh.com.tw/article2-3.html","ccfhcn@yahoo.com.tw","68","0",
"財團法人臺灣基督長老教會馬偕紀念社會事業基金會","臺北市","中山區","6鄰中山北路二段96巷9號1-3樓","臺北市中山區6鄰中山北路二段96巷9號1-3樓","2","居家護理","臺北市北投區,臺北市中山區,臺北市大同區,臺北市萬華區,臺北市中正區,臺北市文山區,臺北市大安區,臺北市士林區,臺北市松山區,臺北市內湖區,臺北市信義區,臺北市南港區,新北市三芝區,新北市淡水區,新北市八里區,新北市五股區,新北市泰山區,新北市三重區,新北市汐止區,新北市新莊區,新北市蘆洲區,新北市板橋區,新北市中和區,新北市永和區","02-25433535#3450","02-25604176","http://www.mmh.org.tw/taitam/nursi/nursi.asp","mmh14fc@mmjh.org.tw","17","0",
"財團法人台灣基督長老教會馬偕紀念社會事業基金會","臺北市","中山區","6鄰中山北路二段96巷9號1-3樓","台北市中山區6鄰中山北路二段96巷9號1-3樓","2","居家護理","台北市北投區,台北市中山區,台北市大同區,台北市萬華區,台北市中正區,台北市文山區,台北市大安區,台北市士林區,台北市松山區,台北市內湖區,台北市信義區,台北市南港區,新北市三芝區,新北市淡水區,新北市八里區,新北市五股區,新北市泰山區,新北市三重區,新北市汐止區,新北市新莊區,新北市蘆洲區,新北市板橋區,新北市中和區,新北市永和區","02-25433535#3450","02-25604176","http://www.mmh.org.tw/taitam/nursi/nursi.asp","mmh14fc@mmjh.org.tw","15","16",
"泰安醫院附設居家護理所","臺北市","中山區","民權東路二段92巷2-1號","臺北市中山區民權東路二段92巷2-1號","2","居家護理","台北市,新北市永和區,新北市中和區,新北市板橋區,新北市三重區,新北市新莊區,新北市新店區,新北市土城區,新北市淡水區,新北市三峽區,新北市泰山區,新北市樹林區,新北市林口區,新北市萬里區,新北市金山區,桃園新屋","02-25251111","02-21001706","無","taianhc88@yahoo.com.tw","7","7",
"臺北市立聯合醫院附設林森中醫居家護理所","臺北市","中山區","林森北路530號6樓","臺北市林森北路530號6樓","2","居家護理","台北市,新北市三重區,新北市新莊區,新北市蘆洲區","02-25916681","無","無","B2319@tpech.gov.tw","","",
"迦和居家護理所","臺北市","中山區","7鄰建國北路二段119號3樓","臺北市中山區7鄰建國北路二段119號3樓","2","居家護理","台北市","02-25084955","02-25083130","無","cindy22036@gmail.com","3","3",
"瑞光居家呼吸照護所","臺北市","中山區","7鄰松江路330巷55號1樓","臺北市中山區7鄰松江路330巷55號1樓","2","居家護理","台北市,新北市永和區,新北市中和區,新北市板橋區,新北市三重區,新北市新莊區,新北市新店區,新北市土城區,新北市蘆洲區,新北市泰山區,基隆市,桃園縣,宜蘭","02-25417738","02-25435077","無","rakuanghomecare@yahoo.com.tw","3","2",
"永愛居家護理所","臺北市","中正區","中華路二段39巷6號4樓","臺北市中正區中華路二段39巷6號4樓","2","居家護理","台北市,新北市,桃園縣,新竹市,新竹縣,基隆市,宜蘭縣","02-23711959","02-23712022","無","wsl6102@yahoo.com.tw","4","3",
"臺北市立聯合醫院附設和平婦幼居家護理所","臺北市","中正區","7鄰中華路二段33號A棟5樓","臺北市中正區7鄰中華路二段33號A棟5樓","2","居家護理","臺北市中正區,臺北市萬華區,新北市永和區,新北市中和區,新北市板橋區,新北市三重區,新北市新店區","02-23755911","02-23753709","無","B1104@tpech.gov.tw","4","0",
"台北市立聯合醫院附設和平婦幼居家護理所","臺北市","中正區","7鄰中華路二段33號A棟5樓","台北市中正區7鄰中華路二段33號A棟5樓","2","居家護理","台北市中正區,台北市萬華區,新北市永和區,新北市中和區,新北市板橋區,新北市三重區,新北市新店區","02-23755911","02-23753709","無","B1104@tpech.gov.tw","4","9",
"台北市立聯合醫院中興院區附設居家護理所","臺北市","大同區","鄭州路145號2樓","台北市大同區鄭州路145號2樓","2","居家護理","台北市中正區,台北市大安區,台北市中山區,台北市大同區,新北市永和區,新北市中和區,新北市板橋區,新北市三重區,新北市新莊區,新北市新店區,新北市蘆洲區,新北市淡水區,新北市五股區","無","無","無","B0549@TPECH.GOV.TW","3","0",
"臺北市立聯合醫院中興院區附設居家護理所","臺北市","大同區","鄭州路145號2樓","臺北市大同區鄭州路145號2樓","2","居家護理","臺北市中正區,臺北市大安區,臺北市中山區,臺北市大同區,新北市永和區,新北市中和區,新北市板橋區,新北市三重區,新北市新莊區,新北市新店區,新北市蘆洲區,新北市淡水區,新北市五股區","02-25523234#3273","02-25521609","http://www.tpech.gov.taipei/mp.asp?mp=109141","B0549@TPECH.GOV.TW","5","0",
"同仁院醫療財團法人附設居家護理所","臺北市","萬華區","4鄰中華路2段606巷6號6樓","臺北市萬華區4鄰中華路2段606巷6號6樓","2","居家護理","台北市萬華區,台北市內湖區,新北市新店區","02-23059292#603","02-23059742","無","wanhwahc88@yahoo.com.tw","3","2",
"財團法人臺灣省私立臺北仁濟院附設仁濟醫院附設居家護理所","臺北市","萬華區","廣州街243號","臺北市萬華區廣州街243號","2","居家護理","臺北市萬華區,臺北市大同區,臺北市中正區,新北市板橋區,新北市三重區,新北市中和區,新北市永和區","02-23021133#2850","02-23021139","http://www.tjci.org.tw/dispPageBox/Main_2014.aspx?ddsPageID=MAIN&","nspchang@yahoo.com.tw","3","0",
"國立台灣大學醫學院附設醫院北護分院附設居家護理所","臺北市","萬華區","康定路37號","台北市萬華區康定路37號","2","居家護理","台北市萬華區,台北市中正區,台北市松山區,台北市信義區,台北市大安區,台北市中山區,台北市大同區,台北市內湖區,台北市士林區,台北市北投區,台北市文山區,台北市南港區,新北市板橋區,新北市新莊區,新北市三重區,新北市中和區,新北市永和區,新北市蘆洲區,新北市新店區,新北市淡水區,新北市八里區,新北市土城區","02-23717101#5804","02-23318139","http://ntuh.mc.ntu.edu.tw/bh","jeef0426@yahoo.com.tw","9","2",
"國立臺灣大學醫學院附設醫院北護分院附設居家護理所","臺北市","萬華區","康定路37號","臺北市萬華區康定路37號","2","居家護理","臺北市萬華區,臺北市中正區,臺北市松山區,臺北市信義區,臺北市大安區,臺北市中山區,臺北市大同區,臺北市內湖區,臺北市士林區,臺北市北投區,臺北市文山區,臺北市南港區,新北市板橋區,新北市新莊區,新北市三重區,新北市中和區,新北市永和區,新北市蘆洲區,新北市新店區,新北市淡水區,新北市八里區,新北市土城區","02-23717101#5804","02-23318139","http://ntuh.mc.ntu.edu.tw/bh","jeef0426@yahoo.com.tw","8","0",
"財團法人台灣省私立台北仁濟院附設仁濟醫院附設居家護理所","臺北市","萬華區","廣州街243號","台北市萬華區廣州街243號","2","居家護理","台北市萬華區,台北市大同區,台北市中正區,新北市板橋區,新北市三重區,新北市中和區,新北市永和區","02-23021133#2850","02-23021139","http://www.tjci.org.tw/dispPageBox/Main_2014.aspx?ddsPageID=MAIN&","nspchang@yahoo.com.tw","2","",
"合康居家護理所","臺北市","萬華區","西藏路170號2樓","臺北市西藏路170號2樓","2","居家護理","台北市,新北市,基隆市","02-23080680","無","無","biglongtoday0706@gmail.com","","",
"閤家福居家護理所","臺北市","文山區","萬壽路75巷29號6樓","臺北市萬壽路75巷29號6樓","2","居家護理","台北市,新北市,基隆市,桃園市","02-29381110","無","無","healthnurses0512@gmail.com","","",
"台北市立萬芳醫院附設居家護理所","臺北市","文山區","7鄰興隆路三段111號","台北市文山區7鄰興隆路三段111號","2","居家護理","台北市信義區,台北市大安區,台北市文山區,新北市永和區,新北市中和區,新北市新店區","02-29307930#2345","02-86621112","http://www.wanfang.gov.tw/","90236@w.tmu.edu.tw","7","16",
"景美醫院附設居家護理","臺北市","文山區","羅斯福路六段280號1樓","臺北市文山區羅斯福路六段280號1樓","2","居家護理","台北市文山區,台北市中正區,新北市新店區,新北市汐止區,新北市深坑區,新北市永和區","02-29331010","02-89311960","無","n871041@yahoo.com.tw","4","5",
"臺北市立萬芳醫院附設居家護理所","臺北市","文山區","7鄰興隆路三段111號","臺北市文山區7鄰興隆路三段111號","2","居家護理","臺北市信義區,臺北市大安區,臺北市文山區,新北市永和區,新北市中和區,新北市新店區","02-29307930#2345","02-86621112","http://www.wanfang.gov.tw/","90236@w.tmu.edu.tw","12","0",
"臺北市立聯合醫院附設忠孝居家護理所","臺北市","南港區","同德路87號","臺北市南港區同德路87號","2","居家護理","臺北市南港區,臺北市信義區,臺北市松山區,臺北市內湖區,新北市汐止區","02-27861288#8984","02-27859962","http://www.tpech.gov.taipei/mp.asp?mp=109171","B2024@tpech.gov.tw","3","0",
"台北市立聯合醫院附設忠孝居家護理所","臺北市","南港區","同德路87號","台北市南港區同德路87號","2","居家護理","台北市南港區,台北市信義區,台北市松山區,台北市內湖區,新北市汐止區","02-27861288#8984","02-27859962","http://www.tpech.gov.taipei/mp.asp?mp=109171","B2024@tpech.gov.tw","3","12",
"臺北市獨立型態南港居家護理所","臺北市","南港區","忠孝東路6段130號7樓之2 ","臺北市忠孝東路6段130號7樓之2 ","2","居家護理","台北市","02-27855900","無","無","chen_41@yahoo.com.tw","","",
"成功居家護理所","臺北市","內湖區","14鄰大湖山莊街219巷34弄1號2樓之4","台北市內湖區14鄰大湖山莊街219巷34弄1號2樓之4","2","居家護理","台北市,基隆市","02-27967357","02-87917083","無","mei560107@yahoo.com.tw","2","1",
"中國醫藥學附設醫院附設居家護理所","臺北市","內湖區","內湖路二段352號2樓","臺北市內湖區內湖路二段352號2樓","2","居家護理","台北市內湖區","02-26279373#1613","02-87929079","無","N16908@mail.cmuh.org.tw","2","3",
"康寧醫療財團法人康寧居家護理所","臺北市","內湖區","成功路五段420巷26號","臺北市內湖區成功路五段420巷26號","2","居家護理","台北市松山區,台北市內湖區,台北市南港區,新北市汐止區","02-26345500","02-26345581","無","knhn10060@gmail.com","3","2",
"三軍總醫院民眾診療服務處附設居家護理所","臺北市","內湖區","1鄰成功路二段325號","臺北市內湖區1鄰成功路二段325號","2","居家護理","台北市內湖區","02-87923311#88171","02-87927432","無","chnphn@ndmctsgh.edu.tw","0","0",
"新光醫療財團法人附設新光居家護理所","臺北市","士林區","20鄰文昌路95號","台北市士林區20鄰文昌路95號","2","居家護理","台北市,新北市","02-28332211-2600","02-28389475","http://www.skh.org.tw/","R000457@ms.skh.org.tw","13","0",
"宜寧居家護理所","臺北市","士林區","中正路436號11樓","臺北市士林區中正路436號11樓","2","居家護理","台北市,新北市,桃園縣,基隆市","02-28353449","02-28353252","http://blog.xuite.net/home.care/homecare","service@homecare.idv.tw","2","4",
"台北市立聯合醫院附設陽明居家護理所","臺北市","士林區","雨聲街105號9樓","台北市士林區雨聲街105號9樓","2","居家護理","台北市中山區,台北市大同區,台北市內湖區,台北市士林區,台北市北投區","02-28353456-6721","02-28389166","無","B1881@tpech.gov.tw","4","6",
"臺北市立聯合醫院附設陽明居家護理所","臺北市","士林區","雨聲街105號9樓","臺北市士林區雨聲街105號9樓","2","居家護理","臺北市中山區,臺北市大同區,臺北市內湖區,臺北市士林區,臺北市北投區","02-28353456-6721","02-28389166","無","B1881@tpech.gov.tw","6","0",
"臺北榮總附設居家護理所","臺北市","北投區","石牌路二段201號","臺北市北投區石牌路二段201號","2","居家護理","臺北市士林區,臺北市北投區","02-28712121#2517","02-28737901","無","mmho@vghtpe.gov.tw","5","0",
"振興醫療財團法人附設振興居家護理所","臺北市","北投區","2鄰振興街45號1樓","臺北市北投區2鄰振興街45號1樓","2","居家護理","台北市士林區,台北市北投區,新北市淡水區,新北市八里區,新北市三重區,新北市蘆洲區","02-28264400-6033","02-28264538","http://www.chgh.org.tw/","ch7210@chgh.org.tw","3","7",
"台北榮總附設居家護理所","臺北市","北投區","石牌路二段201號","台北市北投區石牌路二段201號","2","居家護理","台北市士林區,台北市北投區","02-28712121#2517","02-28737901","無","mmho@vghtpe.gov.tw","4","2",
"台北市立關渡醫院附設居家護理所","臺北市","北投區","知行路225巷12號","台北市北投區知行路225巷12號","2","居家護理","台北市北投區,台北市士林區,新北市八里區,新北市淡水區,新北市五股區,新北市蘆洲區","02-28587103","02-28587137","無","hsyu@gandau.gov.tw","4","10",
"愛吾愛居家護理所","臺北市","北投區","中山路3號6樓之1","臺北市中山路3號6樓之1","2","居家護理","台北市","02-23087286","02-23084057","無","n01.darener@gmail.com","","",
"臺北市立關渡醫院附設居家護理所","臺北市","北投區","知行路225巷12號","臺北市北投區知行路225巷12號","2","居家護理","臺北市北投區,臺北市士林區,新北市八里區,新北市淡水區,新北市五股區,新北市蘆洲區","02-28587103","02-28587137","無","hsyu@gandau.gov.tw","6","0",
"喜恩居家護理所","高雄市","鼓山區","九如四路711巷2弄9號1樓","高雄市鼓山區九如四路711巷2弄9號1樓","2","居家護理","高雄市","07-5211261","07-5214065","無","wanny50aone@gmail.com","1","1",
"高雄市立聯合醫院附設居家護理所","高雄市","鼓山區","中華一路976號","高雄市鼓山區中華一路976號","2","居家護理","高雄市鼓山區,高雄市左營區,高雄市三民區,高雄市鹽埕區","07-5552565#2162","07-5541708","http://www.kmuh.gov.tw/","at08202000@yahoo.com.tw","1","1",
"高雄市立小港醫院附設居家護理所","高雄市","左營區","小港區山明路482號","高雄市左營區小港區山明路482號","2","居家護理","高雄市小港區","07-8036783","07-8039270","無","0780341@kmhk.org.tw","4","3",
"高雄榮民總醫院附設居家護理所","高雄市","左營區","大中一路386號","高雄市左營區大中一路386號","2","居家護理","高雄市","07-3468337","07-3468174","www.vghks.gov.tw","tyyang@vghks.gov.tw","4","4",
"富嘉居家護理所","高雄市","左營區","文理街37號2樓","高雄市左營區文理街37號2樓","2","居家護理","高雄市左營區,高雄市楠梓區,高雄市三民區,高雄市鼓山區,高雄市仁武區,高雄市梓官區,高雄市橋頭區,高雄市大樹區,高雄市燕巢區,高雄市鳳山區,高雄市前鎮區,高雄市大寮區,高雄市小港區,高雄市新興區,高雄市前金區,高雄市苓雅區","07-3487588","07-3487688","無","homecare@focusmed.com.tw","5","1",
"和樂居家護理所","高雄市","左營區","文慈路257號5樓","高雄市左營區文慈路257號5樓","2","居家護理","高雄市左營區,高雄市楠梓區,高雄市三民區,高雄市鼓山區,高雄市鳳山區,高雄市小港區,高雄市大社區","07-3487277","07-3487278","http://www.Facebook.com/groups/1093551320678175","kikima.chen@yahoo.com.tw","1","1",
"頤欣居家護理所","高雄市","左營區","9鄰立信路231號15樓之3","高雄市左營區9鄰立信路231號15樓之3","2","居家護理","高雄市","07-5506869","07-5506716","http://www.呼吸照護.tw/","Biling2808@gmail.com","2","2",
"欣安居家護理所","高雄市","左營區","31鄰明華一路210號10樓之2","高雄市左營區31鄰明華一路210號10樓之2","2","居家護理","高雄市左營區,高雄市大寮區,高雄市小港區,高雄市鳳山區,高雄市橋頭區,高雄市湖內區,高雄市楠梓區,高雄市前鎮區,高雄市大樹區,高雄市路竹區,高雄市鼓山區,高雄市茄萣區","07-5563197","07-5563197","https://facebook.com/menkueimei/","s3500713@yahoo.com.tw","1","1",
"國軍高雄總醫院左營分院附設民眾診療服務處居家護理所","高雄市","左營區","30鄰軍校路553號","高雄市左營區30鄰軍校路553號","2","居家護理","高雄市左營區,高雄市楠梓區,高雄市梓官鄉","07-5817121#3426","07-5886757","806.mnd.gov.tw","nursing@ngh.com.tw","2","3",
"崇仁居家護理所","高雄市","左營區","5鄰崇仁路50巷1號5樓之2","高雄市左營區5鄰崇仁路50巷1號5樓之2","2","居家護理","高雄市左營區,高雄市岡山區,高雄市仁武區","07-3454848","07-3454848","無","judy3610297@yahoo.com.tw","1","0",
"善逸居家護理所","高雄市","楠梓區","9鄰土庫路296巷1號","高雄市楠梓區9鄰土庫路296巷1號","2","居家護理","高雄市楠梓區,高雄市左營區,高雄市燕巢區,高雄市橋頭區,高雄市岡山區,高雄市彌陀區,高雄市梓官區,高雄市湖內區","07-3535242","07-3534830","https://www.facebook.com/shanyi4u/","good313335@yahoo.com.tw","2","2",
"崇恩居家護理所","高雄市","楠梓區","15鄰宏昌街135號1樓","高雄市楠梓區15鄰宏昌街135號1樓","2","居家護理","高雄市楠梓區,高雄市左營區,高雄市三民區,高雄市小港區,高雄市大社區","07-3658343","07-3658370","http://chong-en-group.com.tw/","jean19720413@yahoo.com.tw","3","1",
"健仁醫院附設居家護理所","高雄市","楠梓區","1鄰楠陽路136號","高雄市楠梓區1鄰楠陽路136號","2","居家護理","高雄市楠梓區,高雄市大社區,高雄市燕巢區,高雄市仁武區,高雄市梓官區,高雄市橋頭區","07-3517166#1908","07-3545219","http://www.jiannren.org.tw/jiannren/medical_dep_list2.php","peihsien@jiannren.org.tw","1","3",
"松昕居家護理所","高雄市","楠梓區","軍校街800號9樓之3","高雄市楠梓區軍校街800號9樓之3","2","居家護理","高雄市楠梓區,高雄市三民區,高雄市梓官區","07-3605561","07-3605563","無","song.sine2013@yahoo.com.tw","1","1",
"祐生醫院附設居家護理所","高雄市","三民區","建國三路60號","高雄市三民區建國三路60號","2","居家護理","高雄市三民區,高雄市苓雅區,高雄市前鎮區,高雄市左營區,高雄市內門區,台南市,屏東縣,屏東市","07-2866688","07-2860235","http://www.yuoshen.com.tw/Homecareroom.htm","rtcare@yahoo.com","6","3",
"誠愛居家護理所","高雄市","三民區","覺民路196巷30弄3號1樓","高雄市三民區覺民路196巷30弄3號1樓","2","居家護理","高雄市,台南市仁德區,台南市永康區","07-3908941","07-3964901","http://hlhc196.pixnet.net/blog","hlhc196@hotmail.com","3","1",
"佳馨居家護理所","高雄市","三民區","10鄰壽昌路283號3樓之1","高雄市三民區10鄰壽昌路283號3樓之1","2","居家護理","高雄市三民區,高雄市前金區,高雄市新興區,高雄市苓雅區,高雄市前鎮區,高雄市小港區,高雄市鹽埕區,高雄市鼓山區,高雄市左營區","07-3834555","07-3977300","http://www.jiaxin.biz/","a1666888@ms81.hinet.net","7","3",
"富涵居家護理所","高雄市","三民區","灣復街42號","高雄市三民區灣復街42號","2","居家護理","高雄市,台南市","07-3802282","07-3802285","http://www.Facebook.com/fuhan99727026","fuhan99727026@yahoo.com.tw","6","4",
"高雄醫學大學附設中和紀念醫院附設居家護理所","高雄市","三民區","十全一路100號","高雄市三民區十全一路100號","2","居家護理","高雄市","07-3208156","07-3208156","http://www.kmuh.org.tw/www/fm/lm03.htm","chyuts@gmail.com；tang96540010@gap.kmu.edu.tw","3","1",
"日安居家護理所","高雄市","三民區","大豐一路98號1~2樓","高雄市三民區大豐一路98號1~2樓","2","居家護理","高雄市楠梓區,高雄市左營區,高雄市苓雅區,高雄市前金區,高雄市三民區,高雄市鼓山區,高雄市前鎮區,高雄市仁武區,高雄市鳳山區,高雄市鳥松區,台南縣歸仁鄉,台南市仁德區","07-3921088","07-3920399","無","n3921088@yahoo.com.tw","8","2",
"立多居家護理所","高雄市","三民區","7鄰建工路685號12樓之4","高雄市三民區7鄰建工路685號12樓之4","2","居家護理","高雄市前鎮區,高雄市三民區","07-3807680","07-7801238","https://www.facebook.com/lingocare","lingo380123@yahoo.com.tw","1","1",
"一祥居家護理所","高雄市","三民區","民族一路732-1號2樓","高雄市三民區民族一路732-1號2樓","2","居家喘息,居家護理","高雄市","07-3464221,07-3463693","07-3464148","無","e3333angel@yahoo.com.tw","1","",
"妙恩居家護理所","高雄市","三民區","九如一路551號5樓之1","高雄市三民區九如一路551號5樓之1","2","居家護理","高雄市三民區,高雄市仁武區,高雄市內門區,高雄市六龜區,高雄市前金區,高雄市前鎮區,高雄市大寮區,高雄市大樹區,高雄市大社區,高雄市小港區,高雄市岡山區,高雄市左營區,高雄市彌陀區,高雄市新興區,高雄市旗山區,高雄市旗津區,高雄市杉林區,高雄市林園區,高雄市桃源區,高雄市梓官區,高雄市楠梓區,高雄市橋頭區,高雄市永安區,高雄市湖內區,高雄市燕巢區,高雄市田寮區,高雄市甲仙區,高雄市美濃區,高雄市苓雅區,高雄市茂林區,高雄市茄萣區,高雄市路竹區,高雄市那瑪夏區,高雄市阿蓮區,高雄市鳥松區,高雄市鳳山區,高雄市鹽埕區,高雄市鼓山區","0910373159","","","juju10280325@yahoo.com.tw","","",
"佳禾居家護理所","高雄市","新興區","中正三路160號3樓之2","高雄市新興區中正三路160號3樓之2","2","居家護理","高雄市,台南市,屏東縣","07-2361508","07-2362061","http://www.bgahomecare.com.tw/position.asp?cat=3&cat2=13","gc@pie.com.tw","5","0",
"財團法人獎卿護理展望基金會大高雄居家護理所","高雄市","前金區","七賢二路371號","高雄市前金區七賢二路371號","2","居家護理","高雄市楠梓區,高雄市小港區,高雄市旗津區,高雄市新興區,高雄市前金區,高雄市苓雅區,高雄市鹽埕區,高雄市鼓山區,高雄市前鎮區,高雄市三民區,高雄市大寮區,高雄市鳳山區","07-2618147","07-2618149","http://www.ccfnh.com.tw/index.html","ccfhcn30@yahoo.com.tw","3","2",
"高雄市立大同醫院附設居家護理所","高雄市","前金區","中華三路68號9樓","高雄市前金區中華三路68號9樓","2","居家護理","高雄市前金區,高雄市新興區,高雄市鹽埕區,高雄市鼓山區,高雄市苓雅區,高雄市前鎮區","07-2911101#8964","07-2138400","無","790338@kmuh.org.tw","2","3",
"財團法人天主教聖功醫院附設居家護理所","高雄市","苓雅區","1鄰建國一路352號","高雄市苓雅區1鄰建國一路352號","2","居家護理","高雄市鹽埕區,高雄市三民區,高雄市前鎮區,高雄市新興區,高雄市前金區,高雄市苓雅區","07-2238153#2290","07-2239410","http://www.joseph.org.tw/","chcc@mail.joseph.org.tw","3","1",
"人和居家護理所","高雄市","苓雅區","正義路180-6號3樓","高雄市苓雅區正義路180-6號3樓","2","居家護理","高雄市苓雅區,高雄市鳳山區,高雄市左營區","07-7490775","07-7490716","http://termcare.weebly.com/","ren.he2014@yahoo.com.tw","1","1",
"高雄市立民生醫院附設居家護理所","高雄市","苓雅區","16鄰凱旋二路134號","高雄市苓雅區16鄰凱旋二路134號","2","居家護理","高雄市,高雄市田寮區","07-7154827","07-7116160","http://www.kmsh.gov.tw/kmsh/H2mee/homepage.aspx?newsType=news","us4220@yahoo.com.tw","2","0",
"國軍高雄總醫院附設居家護理所","高雄市","苓雅區","建軍路5號","高雄市苓雅區建軍路5號","2","居家護理","高雄市苓雅區,高雄市鳳山區,高雄市大寮區,高雄市三民區,高雄市前鎮區","07-7495468","07-7495468","https://802.mnd.gov.tw/main.InitSessionState.do","1109@mail.802.org.tw","2","11",
"阮綜合醫療社團法人附設居家護理所","高雄市","苓雅區","成功一路162號","高雄市苓雅區成功一路162號","2","居家護理","高雄市三民區,高雄市鼓山區,高雄市鹽埕區,高雄市苓雅區,高雄市前金區,高雄市前鎮區,高雄市新興區,高雄市旗津區","07-5354533","07-3354231"," http://www.yuanhosp.com.tw/front/bin/ptdetail.phtml?Part=dp0143&PreView=1","y4411@yuanhosp.com.tw","3","4",
"爵嘉居家護理所","高雄市","前鎮區","光華二路449號10樓之4","高雄市前鎮區光華二路449號10樓之4","2","居家護理","高雄市前鎮區,高雄市小港區,高雄市旗津區,高雄市新興區,高雄市前金區,高雄市苓雅區,高雄市三民區,高雄市鼓山區,高雄市鹽埕區,高雄市左營區,高雄市林園區,高雄市鳥松區,高雄市鳳山區","07-3386408","07-5355619","https://www.facebook.com/juejia/","Lihua3649@hotmail.com","3","4",
"耀群居家護理所","高雄市","前鎮區","4鄰瑞北路241號2樓","高雄市前鎮區4鄰瑞北路241號2樓","2","居家護理","高雄市前鎮區,高雄市左營區,高雄市苓雅區,高雄市小港區","07-7171168","07-7171236","https://m.facebook.com/lisa.homecare","shan3yu@yahoo.com.tw","1","1",
"永達居家護理所","高雄市","鳳山區","1鄰青年路二段572號4樓","高雄市鳳山區1鄰青年路二段572號4樓","2","居家護理","高雄市鳳山區,高雄市仁武區,高雄市大寮區,高雄市大樹區,高雄市內門區,高雄市旗山區,高雄市大社區,高雄市鳥松區","07-7778433","07-7775145","http://www.yongda.biz/home.html","homecare313@yahoo.com.tw","7","3",
"翊安居家護理所","高雄市","鳳山區","20鄰曹公路89巷4號1樓","高雄市鳳山區20鄰曹公路89巷4號1樓","2","居家護理","高雄市鳳山區,高雄市仁武區,高雄市美濃區","07-7102072","07-7192780","無","a7971023@yahoo.com.tw","6","3",
"高雄市立鳳山醫院(委託長庚醫療財團法人經營)附設居家護理所","高雄市","鳳山區","經武街42號B1","高雄市鳳山區經武街42號B1","2","居家護理","高雄市岡山區,高雄市大寮區,高雄市前鎮區,高雄市三民區,高雄市鳥松區","07-7418151#3348","07-7462731","https://www.cgmh.org.tw/branch/branch_fsn.htm","nadia1208@adm.cgmh.org.tw","3","2",
"惠德醫院附設居家護理所","高雄市","鳳山區","福祥街81號","高雄市鳳山區福祥街81號","2","居家護理","高雄市","07-8126000","07-8128123","http://www.etan.com.tw/huide_hosp/big5/index.htm","hd.t2611@msa.hinet.net","1","2",
"慈涵居家護理所","高雄市","鳳山區","鳳東路557號12樓","高雄市鳳山區鳳東路557號12樓","2","居家護理","高雄市","07-7828220","07-7828220","無","fu20000811@gmail.com","4","2",
"瑞慈居家護理所","高雄市","鳳山區","20鄰錦田路130-7號4樓","高雄市鳳山區20鄰錦田路130-7號4樓","2","居家護理","高雄市","07-8414928","07-8414928","http://line0989.pixnet.net/blog","vivi8929@yahoo.com.tw","1","1",
"建佑醫院附設居家護理所","高雄市","林園區","東林西路364巷10-1號3樓","高雄市林園區東林西路364巷10-1號3樓","2","居家護理","高雄市林園區,高雄市大寮區,高雄市小港區","07-6437901#968","07-6465639","http://www.chien-yu.com.tw/nursing_page/nursing_page_detail.php?id=61","cute0953266687@yahoo.com.tw","1","3",
"成功居家護理所","高雄市","大寮區","民智街167號","高雄市大寮區民智街167號","2","居家護理","高雄市","07-7330696","07-7015017","無","hsubaw0625@yahoo.com.tw","1","0",
"恆康居家護理所","高雄市","大寮區","鳳林路四段171-4號1樓","高雄市大寮區鳳林路四段171-4號1樓","2","居家護理","高雄市大寮區,高雄市仁武區,高雄市林園區,高雄市三民區,高雄市前鎮區,高雄市小港區","07-6411185","07-6411185","https://m.facebook.com/hancockhomecare/","hueyjing0508@yahoo.com.tw","2","2",
"瑞生醫院附設居家護理所","高雄市","大寮區","鳳林四路192號","高雄市大寮區鳳林四路192號","2","居家護理","高雄市大寮區","07-7835175#160","07-7838845","https://facebook.com/RexSun.homecare/","miny02200@yahoo.com.tw","1","1",
"庭宓居家護理所","高雄市","仁武區","後港巷161-12號1樓","高雄市仁武區後港巷161-12號1樓","2","居家護理","高雄市,台南市","07-3946346","無","https://m.facebook.com/%E5%BA%AD%E5%AE%93%E5%B1%85%E5%AE%B6%E8%AD%B7%E7%","tm7442081082@yahoo.com.tw","4","4",
"安欣居家護理所","高雄市","仁武區","德榮街11號","高雄市仁武區德榮街11號","2","居家護理","高雄市三民區,高雄市仁武區,高雄市內門區,高雄市六龜區,高雄市前金區,高雄市前鎮區,高雄市大寮區,高雄市大樹區,高雄市大社區,高雄市小港區,高雄市岡山區,高雄市左營區,高雄市彌陀區,高雄市新興區,高雄市旗山區,高雄市旗津區,高雄市杉林區,高雄市林園區,高雄市桃源區,高雄市梓官區,高雄市楠梓區,高雄市橋頭區,高雄市永安區,高雄市湖內區,高雄市燕巢區,高雄市田寮區,高雄市甲仙區,高雄市美濃區,高雄市苓雅區,高雄市茂林區,高雄市茄萣區,高雄市路竹區,高雄市那瑪夏區,高雄市阿蓮區,高雄市鳥松區,高雄市鳳山區,高雄市鹽埕區,高雄市鼓山區","07-3728178","07-3728178","http://anxincare.weebly.com/","anxincare@gmail.com","","",
"長庚醫療財團法人附設高雄居家護理所","高雄市","鳥松區","大埤路123號","高雄市鳥松區大埤路123號","2","居家護理","高雄市鳳山區,高雄市大寮區,高雄市仁武區,高雄市苓雅區,高雄市前鎮區","07-7317123#2825","07-7335277","無","chun880722@cgmh.org.tw","8","0",
"國軍高雄總醫院岡山分院附設民眾診療服務處附設居家護理所","高雄市","岡山區","大義二路1號","高雄市岡山區大義二路1號","2","居家護理","高雄市岡山區,高雄市橋頭區,高雄市路竹區,高雄市彌陀區,高雄市梓官區","07-6250919#577；0977-235750","07-6250733","無","nur41983@mail.afgsh.org.tw","1","1",
"劉嘉修醫院附設居家護理所","高雄市","岡山區","岡山路428號1樓","高雄市岡山區岡山路428號1樓","2","居家護理","高雄市岡山區,高雄市路竹區,高雄市燕巢區","07-6222836#106","07-6216388","http://joysure.inks.com.tw/html/front/bin/home.phtml","h350214@yahoo.com.tw","1","3",
"嘉容居家護理所","高雄市","岡山區","華園一路87號3樓","高雄市岡山區華園一路87號3樓","2","居家護理","高雄市","07-6233858","07-6236786","https://www.Facebook.com/0919homecare","wen930919wen930919@yahoo.com.tw","1","1",
"堉恩居家護理所","高雄市","橋頭區","仕豐南路100號11樓之9","高雄市橋頭區仕豐南路100號11樓之9","2","居家護理","高雄市,高雄市湖內區,高雄市路竹區,嘉義縣民雄區,嘉義縣溪口區","07-6119552","07-6119662","https://www.facebook.com/yuanhome9552","yuanhome9552@yahoo.com.tw","2","1",
"新星渝居家護理所","高雄市","燕巢區","1鄰中興路956號","高雄市燕巢區1鄰中興路956號","2","居家護理","高雄市,台南市","07-6140038","07-6140038","http://www.syhomecare.com.tw/","shma_system@yahoo.com.tw","2","6",
"義大醫療財團法人附設義大居家護理所","高雄市","燕巢區","義大路1號","高雄市燕巢區義大路1號","2","居家護理","高雄市燕巢區,高雄市大社區,高雄市鳥松區,高雄市仁武區,高雄市大樹區,高雄市橋頭區,高雄市岡山區,高雄市梓官區,高雄市彌陀區,高雄市田寮區,高雄市旗山區,高雄市美濃區,高雄市楠梓區,高雄市路竹區,高雄市阿蓮區","07-6150011#3198,3199","07-6155157","http://www.edah.org.tw/index.asp","ed104190@edah.org.tw","5","6",
"臻歆居家護理所","高雄市","路竹區","華光路18號","高雄市路竹區華光路18號","2","居家護理","高雄市,台南市","07-6983015","07-6983696","http://facebook.com/chen.hsin.HomeCare","chen.hsin77@msa.hinet.net","3","2",
"怡欣居家護理所","高雄市","湖內區","中正路二段290巷109號","高雄市湖內區中正路二段290巷109號","2","居家護理","高雄市湖內區,高雄市路竹區","07-6994918","07-6994918","http://onepagerapp.com/yixin","a6671711@yahoo.com.tw","4","2",
"懷仁居家護理所","高雄市","湖內區","16鄰中山路一段301巷62弄2號5樓之1","高雄市湖內區16鄰中山路一段301巷62弄2號5樓之1","2","居家護理","高雄市路竹區,高雄市湖內區,高雄市阿蓮區,高雄市橋頭區,高雄市燕巢區,高雄市茄萣區,台南市歸仁區,台南市中西區,台南市安南區,台南市永康區,台南市善化區,台南市佳里區,台南市西港區,台南市下營區,台南市學甲區,台南市將軍區","07-6938895,0910-068756","07-6937602","http://www.nhc99.com/nhc1499/","hc6938895@yahoo.com.tw","5","1",
"慈宥居家護理所","高雄市","湖內區","中正路一段315巷26號","高雄市湖內區中正路一段315巷26號","2","居家護理","高雄市湖內區,高雄市阿蓮區,高雄市林園區,高雄市仁武區,高雄市鳳山區,高雄市楠梓區,台南市歸仁區,台南市南區,台南市仁德區","07-6990823","07-6990474","http://www.home-care.url.tw/","uuddtw@yahoo.com.tw","3","1",
"天恩居家護理所","高雄市","湖內區","中山路一段301巷52弄2號1樓","高雄市湖內區中山路一段301巷52弄2號1樓","2","居家護理","高雄市三民區,高雄市仁武區,高雄市內門區,高雄市六龜區,高雄市前金區,高雄市前鎮區,高雄市大寮區,高雄市大樹區,高雄市大社區,高雄市小港區,高雄市岡山區,高雄市左營區,高雄市彌陀區,高雄市新興區,高雄市旗山區,高雄市旗津區,高雄市杉林區,高雄市林園區,高雄市桃源區,高雄市梓官區,高雄市楠梓區,高雄市橋頭區,高雄市永安區,高雄市湖內區,高雄市燕巢區,高雄市田寮區,高雄市甲仙區,高雄市美濃區,高雄市苓雅區,高雄市茂林區,高雄市茄萣區,高雄市路竹區,高雄市那瑪夏區,高雄市阿蓮區,高雄市鳥松區,高雄市鳳山區,高雄市鹽埕區,高雄市鼓山區,臺南市七股區,臺南市下營區,臺南市中西區,臺南市仁德區,臺南市佳里區,臺南市六甲區,臺南市北區,臺南市北門區,臺南市南化區,臺南市南區,臺南市善化區,臺南市大內區,臺南市學甲區,臺南市安南區,臺南市安定區,臺南市安平區,臺南市官田區,臺南市將軍區,臺南市山上區,臺南市左鎮區,臺南市後壁區,臺南市新化區,臺南市新市區,臺南市新營區,臺南市東區,臺南市東山區,臺南市柳營區,臺南市楠西區,臺南市歸仁區,臺南市永康區,臺南市玉井區,臺南市白河區,臺南市西港區,臺南市關廟區,臺南市鹽水區,臺南市麻豆區,臺南市龍崎區","977533207","","www.taiananhomecare.weebly.com","pernickety64@gmail.com.tw","","",
"重安醫院附設居家護理所","高雄市","旗山區","12鄰大仁街18號2樓","高雄市旗山區12鄰大仁街18號2樓","2","居家護理","高雄市旗山區,高雄市杉林區,高雄市甲仙區,高雄市美濃區","07-6621783","07-6624895","無","ijgirl99@yahoo.com.tw","2","1",
"廣聖醫療社團法人附設居家護理所","高雄市","旗山區","21鄰中華路618號1樓","高雄市旗山區21鄰中華路618號1樓","2","居家護理","高雄市旗山區,高雄市內門區,高雄市美濃區,高雄市杉林區,高雄市甲仙區","07-6622391#821","07-6622853","http://www.cs-gsh.com.tw/","yumei670312@gmail.com","2","3",
"衛生福利部旗山醫院附設居家護理所","高雄市","旗山區","中學路60號2樓","高雄市旗山區中學路60號2樓","2","居家護理","高雄市旗山區,高雄市內門區,高雄市美濃區,高雄市杉林區,高雄市六龜區,屏東縣","07-6613811","07-6618638","http://www.chis.mohw.gov.tw","rose069385@chis.mohw.gov.tw","3","1",
"高雄市茂林區衛生所附設居家護理所","高雄市","茂林區","8-4號","高雄市茂林區8-4號","2","居家護理","高雄市茂林區","07-6801114","07-6801427","無","savi1113@kcg.gov.tw","1","2",
"高雄市桃源區衛生所附設居家護理所","高雄市","桃源區","南進巷188-1號","高雄市桃源區南進巷188-1號","2","居家護理","高雄市桃源區","07-6861126","07-6861053","203.65.42.172/kaohsiungcounty25/pub/LIT_6.asp","i7145700@kcg.gov.tw","0","1",
"高雄市那瑪夏區衛生所附設居家護理所","高雄市","那瑪夏區","6鄰平和巷252號","高雄市那瑪夏區6鄰平和巷252號","2","居家護理","高雄市那瑪夏區","07-6701142","07-6701368","203.65.42.172/kaohsiungcounty27/pub/LIT_6.asp","i7145800@kvg.gov.tw","2","0",
"板橋中興醫院附設居家護理所","新北市","板橋區","忠孝路28號5樓","新北市板橋區忠孝路28號5樓","2","居家護理","新北市板橋區,新北市土城區,新北市新店區,新北市三重區,新北市新莊區,新北市中和區,新北市永和區,新北市八里鄉,台北市","02-89512388","02-29553256","http://caleb.org.tw/pcchh_hc/index.html","lifang28tw@yahoo.com.tw","5","4",
"醫療財團法人徐元智先生醫藥基金會附設亞東居家護理所","新北市","板橋區","南雅南路二段21號","新北市板橋區南雅南路二段21號","2","居家護理","新北市板橋區,新北市土城區,新北市樹林區,新北市中和區,新北市新莊區","89667000#1946","02-77380073","http://depart.femh.org.tw/ns/4.html","homecare@mail.femh.org.tw","7","7",
"蕭中正醫院附設居家護理所","新北市","板橋區","南雅南路一段1巷30號2樓","新北市板橋區南雅南路一段1巷30號2樓","2","居家護理","新北市","29685661","02-29666368","http://www.hsiaohospital.org/index.php/zh/2011-09-19-04-32-29/2011-08-22-05-53-12","smile.tasi@hsiaohospital.org","7","8",
"聯順居家護理所","新北市","板橋區","永豐街75巷17-1號2樓","新北市板橋區永豐街75巷17-1號2樓","2","居家護理","新北市,台北市,桃園縣","02-89642333","02-29578608","http://blog.xuite.net/tigershopcn0210/twblog/137215993-%E8%81%AF%E9%A0%86%E5%B1%85%E5%AE%B6%E8%AD%B7%E7%90%86%E6%89%80","hc.lanshun@gmail.com","6","4",
"私立新生活居家護理所","新北市","板橋區","長江路一段146巷8號2樓","新北市板橋區長江路一段146巷8號2樓","2","居家護理","新北市,台北市","02-82537070","02-22589031","無","bigmama7706@yahoo.com.tw","6","2",
"慧安居家護理所","新北市","板橋區","滿平二街2巷1弄44-1號","新北市板橋區滿平二街2巷1弄44-1號","2","居家護理","桃園縣,新北市板橋區,新北市土城區,新北市中和區,新北市新店區,新北市新莊區","02-26830814","02-29562159","無","lili226.sun@msa.hinet.net","4","3",
"健綸居家護理所","新北市","板橋區","36鄰金門街372巷14號","新北市板橋區36鄰金門街372巷14號","2","居家護理","新北市","02-89698477","02-26866055","www.jianlun.com.tw","jianlun.nursing@gmail.com","1","1",
"旺福居家護理所","新北市","三重區","溪尾街328-11號13樓","新北市三重區溪尾街328-11號13樓","2","居家護理","新北市,台北市,桃園縣","02-29738188,28571520","02-29738187","http://www.dltc.url.tw/","wonful2012@yahoo.com.tw","4","1",
"宏仁醫院附設居家護理所","新北市","三重區","三和路二段186號","新北市三重區三和路二段186號","2","居家護理","新北市三重區","02-29788877#265","02-29746066","worngrenhomecare@yahoo.com.tw","worngrenhomecare@yahoo.com.tw","15","5",
"安心居家護理所","新北市","三重區","溪尾街126巷26號","新北市三重區溪尾街126巷26號","2","居家護理","新北市","0958-523616,02-82876707","02-82876707","ruka0714@yahoo.com.tw","ruka0714@yahoo.com.tw","2","1",
"庭芳居家護理所","新北市","三重區","18鄰成功路110號2樓之20","新北市三重區18鄰成功路110號2樓之20","2","居家護理","新北市,桃園縣","02-29725137","02-29725137","無","ankara.a718503@msa.hinet.net","2","2",
"新北市立聯合醫院附設居家護理所","新北市","三重區","新北大道一段3號2樓","新北市三重區新北大道一段3號2樓","2","居家護理","新北市三重區,新北市蘆洲區,新北市五股區,新北市板橋區,新北市中和區,臺北市大同區","02-29829111#3208","02-29872277","www.ntch.ntpc.gov.tw","ac5029@ntpc.gov.tw","6","4",
"安心居家護理所","新北市","三重區","溪尾街126巷26號","新北市三重區溪尾街126巷26號","2","居家護理","苗栗縣,台中市","0958-523616,02-82876707","02-82876707","無","ruka0714@yahoo.com.tw","2","2",
"唯愛居家護理所","新北市","中和區","14鄰圓通路200-4號","新北市中和區14鄰圓通路200-4號","2","居家護理","新北市","0987-143124","02-22441765","無","tseng1057@yahoo.com.tw","7","2",
"捷安居家護理所","新北市","中和區","宜安路23巷14號3樓","新北市中和區宜安路23巷14號3樓","2","居家護理","新北市三重區,新北市中和區,新北市永和區","02-86680987","02-86680987","fannyw11@ms12.hinet.net","fannyw11@ms12.hinet.net","2","2",
"衛生福利部雙和醫院附設居家護理所","新北市","中和區","中正路291號5樓","新北市中和區中正路291號5樓","2","居家護理","新北市中和區,新北市永和區,新北市板橋區,新北市土城區,新北市新店區","02-22490088#8603","02-22481131","www.shh.org.tw/UI/L/L20400.aspx","11678@s.tmu.edu.tw","4","6",
"忠祥居家護理所","新北市","中和區","中山路二段144號1樓","新北市中和區中山路二段144號1樓","2","居家護理","新北市中和區,新北市永和區,新北市新店區,新北市深坑區,新北市板橋區,桃園縣,中壢市,楊梅市","02-22475603","02-22465620","無","m631620@gmail.com","6","7",
"美淇居家護理所","新北市","永和區","永元路95巷12號7樓","新北市永和區永元路95巷12號7樓","2","居家護理","新北市,基隆市,台北市","02-29267749","02-29266434","http://www.bgahomecare.com.tw/position.asp?cat=1&cat2=14","meichi@pie.com.tw","4","4",
"天主教耕莘醫療財團法人附設永和耕莘居家護理所","新北市","永和區","中興街103號3樓","新北市永和區中興街103號3樓","2","居家護理","新北市中和區,新北市永和區","29286060#21408","29263478","www.cthyh.org.tw","nursing@cthyh.org.tw","7","7",
"新泰綜合醫院附設居家護理所","新北市","新莊區","新泰路143號2樓","新北市新莊區新泰路143號2樓","2","居家護理","新北市新莊區,新北市泰山區,新北市五股區","02-29962121#2620","02-89910523","sthosp.myweb.hinet.net/","homecare@sthosp.com.tw","4","6",
"衛生福利部樂生療養院附設居家護理所","新北市","新莊區","中正路794號","新北市新莊區中正路794號","2","居家護理","新北市","02-82006600#2196","02-82006009","www.lslp.mohw.gov.tw","e233947@yahoo.com.tw","1","4",
"衛生福利部臺北醫院附設居家護理所","新北市","新莊區","思源路127號","新北市新莊區思源路127號","2","居家護理","新北市新莊區,新北市泰山區,新北市板橋區,新北市五股區,新北市中和區","02-22765566#1788","02-66269867","www.tph.mohw.gov.tw","nurse22008@tph.mohw.gov.tw","4","2",
"中英醫療社團法人附設居家護理所","新北市","新莊區","中正路78巷13號1樓","新北市新莊區中正路78巷13號1樓","2","居家護理","新北市新莊區,新北市板橋區,新北市中和區","02-29930313","02-29908776","無","jean030973@gmail.com","4","3",
"天主教耕莘醫療財團法人附設耕莘護理之家","新北市","新店區","中正路362號C棟1-2樓","新北市新店區中正路362號C棟1-2樓","02","居家護理","新北市新店區,新北市烏來區,新北市永和區,新北市中和區","02-22193391#65241","02-22191361","www.cth.org.tw","TPRplan02@cth.ntpc.gov.tw","8","12",
"新新居家護理所","新北市","新店區","民族路6-1號3樓","新北市新店區民族路6-1號3樓","2","居家護理","新北市新店區","02-89113680","02-29356027","無","aa3025@ms67.hinet.net","3","1",
"同仁醫院附設居家護理所","新北市","新店區","民權路89號2樓","新北市新店區民權路89號2樓","2","居家護理","宜蘭縣,新竹市,基隆市,桃園市,桃園縣,台北市,新竹縣,新北市","02-29170201#305","02-29170361","www.tjh.org.tw/article9/article.php","tjhrhcy@yahoo.com.tw","8","4",
"佛教慈濟醫療財團法人附設台北慈濟居家護理所","新北市","新店區","建國路289號4樓","新北市新店區建國路289號4樓","2","居家護理","新北市新店區,新北市中和區,新北市永和區,台北市文山區","02-66289779#3546","02-66285033","http://app.tzuchi.com.tw/tzuchi/Family/Default.aspx?Action=ViewDetail&AppSiteID=5&IdentityID=230","cckliu@tzuchi.com.tw","3","3",
"新北仁康醫院附設居家護理所","新北市","新店區","安康路二段323號","新北市新店區安康路二段323號","2","居家護理","新北市新店區,台北市","02-22152345#1118,27360226","02-22158965","www.njkh.com.tw","gingerchiang68@gmail.com,njkhservice@gmail.com","2","5",
"佛教慈濟醫療財團法人附設臺北慈濟居家護理所","新北市","新店區","建國路289號4樓","新北市新店區建國路289號4樓","2","居家護理","新北市新店區,新北市中和區,新北市永和區,臺北市文山區","02-66289779#3546","02-66285033","http://app.tzuchi.com.tw/tzuchi/Family/Default.aspx?Action=ViewDetail&AppSiteID=5&IdentityID=230","cckliu@tzuchi.com.tw","7","7",
"仁愛醫院附設居家護理所","新北市","樹林區","文化街9號","新北市樹林區文化街9號","2","居家護理","新北市樹林區","02-26834567#2905","02-86872666","www.rah.com.tw","ren.ai@msa.hinet.net","3","0",
"行天宮醫療志業醫療財團法人附設恩主公居家護理所","新北市","三峽區","復興路399號","新北市三峽區復興路399號","2","居家護理","桃園縣大溪鎮,桃園縣龜山鄉,新北市三峽區,新北市鶯歌區,新北市土城區,新北市樹林區,新北市板橋區","02-26723456#8713","02-86711997","www.eck.org.tw","10449@km.eck.org.tw","1","1",
"安福居家護理所","新北市","淡水區","中正東路二段29號5樓","新北市淡水區中正東路二段29號5樓","2","居家護理","新北市,新竹縣,基隆市,台北市,桃園縣","02-28085718#91","02-88094759","無","anfirt@msa.hinet.net","6","4",
"耘霈居家護理所","新北市","淡水區","學府路136巷16號1樓","新北市淡水區學府路136巷16號1樓","2","居家護理","新北市淡水、五股、新莊、板橋、三重；臺北市北投、中山區","0980-679-319","02-26282079","https://www.facebook.com/yunpei.homecare/?ref=bookmarks","service.yunpei@gmail.com","","",
"國泰醫療財團法人附設汐止居家護理所","新北市","汐止區","28鄰建成路59巷2號B2","新北市汐止區28鄰建成路59巷2號B2","2","居家護理","基隆市暖暖區,新北市汐止區","02-26482121#2021","02-26482122","無","sjd5130@cgh.org.tw","1","1",
"私立常春藤居家護理所","新北市","汐止區","連峰街118號","新北市汐止區連峰街118號","2","居家護理","新北市","02-26463493","02-26464079","無","rubecaaa888@gmail.com","3","0",
"新北市瑞芳區衛生所附設居家護理所","新北市","瑞芳區","明燈路三段1號","新北市瑞芳區明燈路三段1號","2","居家護理","新北市瑞芳區","02-24972132#26","02-24978320","無","tpc255@ntpc.gov.tw","1","1",
"恩樺醫院附設居家護理所","新北市","土城區","中央路一段7-18號2樓","新北市中央路一段7-18號2樓","2","居家護理","新北市板橋區,新北市中和區,新北市土城區,新北市樹林區,新北市新莊區","02-22667857","02-22703369","無","hc7431130761@gmail.com","1","2",
"璟馨居家護理所","新北市","土城區","延吉街76號3樓","新北市土城區延吉街76號3樓","2","居家護理","新北市土城區,新北市中和區,新北市永和區,新北市板橋區,新北市樹林區","02-77230968","02-22609478","jxhomecare.pixnet.net/blog ","jxhomecare@gmail.com","1","1",
"永樂居家護理所","新北市","土城區","中央路四段76-9號6樓","新北市土城區中央路四段76-9號6樓","2","居家護理","新北市,桃園縣,新竹縣,新竹市","0937938036","02-22675636","無","linp660803@yahoo.com.tw","1","1",
"新北市私立仁德居家護理所","新北市","土城區","中央路四段127號11樓","新北市土城區中央路四段127號11樓","2","居家護理","新北市","02-22677581","02-22675246","TD22673230@gmail.com","TD22673230@gmail.com","4","3",
"仁安醫院附設居家護理所","新北市","土城區","中央路一段62號2樓","新北市土城區中央路一段62號2樓","2","居家護理","新北市土城區","02-22606927","02-22606928","www.rcw.tw","fuchen729@gmail.com","2","2",
"私立三民護理之家","新北市","蘆洲區","三民路26巷51號1樓、2樓","新北市蘆洲區三民路26巷51號1樓、2樓","02","居家護理","新北市蘆洲區","02-22886211、02-22885959","02-22886333","a0921399@yahoo.com.tw","s22885959@yahoo.com.tw","2","0",
"康富居家護理所","新北市","林口區","中山路518號3樓之1","新北市林口區中山路518號3樓之1","2","居家護理","台北市","02-86018591","02-86018561","無","tulip661118@gmail.com","3","2",
"康健居家護理所","新北市","林口區","文化二路一段20巷23號9樓之2","新北市林口區文化二路一段20巷23號9樓之2","2","居家護理","新北市,基隆市,桃園縣,新竹縣","02-26098531","02-26095516","http://www.homecare.idv.tw/","hukelly1979@yahoo.com.tw","4","2",
"美善居家護理所","新北市","林口區","文化二路一段20巷15號11樓","新北市林口區文化二路一段20巷15號11樓","2","居家護理","新北市,台北市,桃園縣","02-26092380","02-26082404","ms@pie.com.tw","ms@pie.com.tw","5","7",
"新北市深坑區衛生所附設居家護理所","新北市","深坑區","深坑街165號","新北市深坑區深坑街165號2樓","2","居家護理","新北市深坑區","02-26621567","02-26624380","http://shenkeng.health.ntpc.gov.tw/news/index.php?mode=data&id=25&parent_id=10005&type_id=10007","tpc267@ntpc.gov.tw","5","1",
"新北市石碇區衛生所附設居家護理所","新北市","石碇區","碇坪路一段82號","新北市石碇區碇坪路一段82號","2","居家護理","新北市石碇區","02-26631325#21","02-26631064","www.phc.ntpc.gov.tw/file/1461/SG/32817/D.htm","ab7358@ntpc.gov.tw","1","1",
"新北市坪林區衛生所附設居家護理所","新北市","坪林區","2鄰坪林街104號","新北市坪林區2鄰坪林街104號","2","居家護理","新北市坪林區","02-26656272","02-26656561","無","AI9060@ntpc.gov.tw","1","1",
"新北市平溪區衛生所附設居家護理所","新北市","平溪區","公園街17號","新北市平溪區公園街17號","2","居家護理","新北市","02-24951015","02-24951194","tpc262@nepc.gov.tw","tpc262@ms.ntpc.gov.tw","1","1",
"新北市貢寮區衛生所附設居家護理所","新北市","貢寮區","6鄰仁愛路128號","新北市貢寮區6鄰仁愛路128號","2","居家護理","新北市貢寮區","02-24901431","02-24902431","無","ak3897@ntpc.gov .tw","1","1",
"國立臺灣大學醫學院附設醫院金山分院附設居家護理所","新北市","金山區","南勢路51號2樓","新北市金山區南勢路51號2樓","2","居家護理","新北市三芝區,新北市石門區,新北市金山區,新北市萬里區","02-24989898#2305","02-24983359","www.jsh.org.tw","eagle@jsh.org.tw","2","3",
"新北市金山區衛生所附設居家護理所","新北市","金山區","民生路59號","新北市金山區民生路59號","2","居家護理","新北市金山區","02-24982778","02-24986416","無","tpc265@ntpc.gov.tw","1","1",
"新北市烏來區衛生所附設居家護理所","新北市","烏來區","1鄰新烏路五段109號","新北市烏來區1鄰新烏路五段109號","2","居家護理","新北市烏來區","02-26617200","02-26616476","wulai.health.ntpc.gov.tw","ac9434@ntpc.gov.tw","1","2",
"澄清綜合醫院附設居家護理所","臺中市","中區","平等街139號3樓","臺中市中區平等街139號3樓","2","居家護理","台中市","04-24632000#66812","04-22261245","http://www.ccgh.com.tw/","4857@ccgh.com.tw","3","2",
"正興居家護理所","臺中市","東區","振興路433-2號1樓","臺中市東區振興路433-2號1樓","2","居家護理","台中市","04-22116788","04-22126686","無","t6686.med@gmail.com","2","1",
"台新醫院附設居家護理所","臺中市","東區","振興路441號4樓","臺中市東區振興路441號4樓","2","居家護理","臺中市","04-22139966","無","無","mybabyuse@yahoo.com.tw","","",
"久立居家護理所","臺中市","南區","愛國街43號4樓","臺中市南區愛國街43號4樓","2","居家護理","南投縣草屯鎮","04-22210505","04-22250505","無","hc22210505@yahoo.com.tw","3","1",
"游秀惠居家護理所","臺中市","西區","三民路一段191號6樓之一","臺中市西區三民路一段191號6樓之一","2","居家護理","台中市西區,台中市西屯區,台中市北區,台中市北屯區,台中市石岡區,台中市大雅區,台中市神岡區,台中市潭子區,台中市東勢區,台中市后里區,台中市豐原區","04-22254297","04-22254189","無","care.giver@msa.hinet.net","1","1",
"衛生福利部臺中醫院附設居家護理所","臺中市","西區","23鄰三民路一段199號","臺中市西區23鄰三民路一段199號","2","居家護理","台中市西區,台中市西屯區,台中市南區,台中市南屯區,台中市北區,台中市北屯區,台中市東區,台中市中區,台中市烏日區,台中市大里區,台中市太平里,台中市霧峰區,台中市潭子區,台中市大肚區","04-22294411","04-22238991","http://www.taic.mohw.gov.tw/","","3","14",
"中山醫學大學附設醫院附設護理之家(居家護理)","臺中市","西區","中山路501號1樓","臺中市西區中山路501號1樓","2","居家護理","台中市","04-24739595#34823","04-23248144","http://www.csh.org.tw/","cshhcn@csh.org.tw","4","10",
"順天醫療社團法人附設順天居家護理所","臺中市","北區","三民路三段333號5樓","臺中市北區三民路三段333號5樓","2","居家護理","台中市北區,台中市北屯區,台中市西區,台中市西屯區,台中市大里區","04-2233676#507,129","04-22384414","無","jumay2100@yahoo.com.tw","1","1",
"慈康居家護理所","臺中市","北區","25鄰英才路396號5樓之4","臺中市北區25鄰英才路396號5樓之4","2","居家護理","台中市,彰化縣,雲林縣,苗栗縣,南投縣,嘉義縣","04-23269828","04-23265912","無","cikang.rt@msa.hinet.net","3","11",
"溈潔居家護理所","臺中市","北區","8鄰進化北路168號14樓-1","臺中市北區8鄰進化北路168號14樓-1","2","居家護理","台中市,南投縣","04-23382373","04-22382373","無","tsae.yun@msa.hinet.net","1","1",
"筑園居家護理所","臺中市","北區","德化街50號1樓","臺中市北區德化街50號1樓","2","居家護理","台中市","04-22371225","04-22302291","無","Juyang940707@yahoo.com.tw","1","2",
"恩承居家護理所","臺中市","北區","中清路一段372號10樓M室","臺中市北區中清路一段372號10樓M室","2","居家護理","臺中市","0925-963-728","無","無","  jumay2100@yahoo.com.tw ","","",
"中國醫藥大學附設醫院附設居家護理所","臺中市","北區","14鄰育德路2號忠孝大樓2樓","臺中市北區14鄰育德路2號忠孝大樓2樓","2","居家護理","台中市","04-220521215#4245","04-22038356","無","N1447@mail.cmuh.org.tw","3","2",
"澄清綜合醫院中港分院附設居家護理所","臺中市","西屯區","台灣大道四段966號","臺中市西屯區台灣大道四段966號","2","居家護理","台中市","04-24632000#52611","04-24615478","無","7429@ccgh.com.tw","3","6",
"臺中榮民總醫院附設居家護理所","臺中市","西屯區","7鄰台灣大道四段1650號","臺中市西屯區7鄰臺灣大道四段1650號","2","居家護理","台中市","04-23592525#6414","04-23741315","http://www.vghtc.gov.tw/GipOpenWeb/wSite/ct?xItem=56917&ctNode=55482&mp=2991","6412@vghtc.gov.tw","3","1",
"康群居家護理所","臺中市","西屯區","工業區一路58巷10弄41號9樓","臺中市西屯區工業區一路58巷10弄41號9樓","2","居家護理","台中市,新竹縣,苗栗縣,彰化縣,南投縣,雲林縣,新竹市","04-23594235","04-23597693","無","service@homecare.idv.tw","5","8",
"林新醫療社團法人附設林新居家護理所","臺中市","南屯區","12鄰惠中路三段36號B1","臺中市南屯區12鄰惠中路三段36號B1","2","居家護理","台中市中區,台中市東區,台中市南區,台中市西區,台中市北屯區,台中市西屯區,台中市南屯區,台中市烏日區,台中市大肚區","04-22586688-1629","04-36009895","http://www.lshosp.com.tw/","1s2654@1shosp.com.tw","3","4",
"德安居家護理所","臺中市","南屯區","文心路一段306號4-1樓","臺中市南屯區文心路一段306號4-1樓","2","居家護理","台中市,苗栗縣,新竹縣","04-23200345","04-23200609","無","da@pie.com.tw","10","0",
"豐馥居家護理所","臺中市","南屯區","楓和路701號","臺中市南屯區楓和路701號","2","居家護理","臺中市","04-24792569","無","無","zhuang5511@yahoo.com.tw","","",
"劉燕玲居家護理所","臺中市","北屯區","松茂里松竹路2段107巷73號1樓","臺中市北屯區松茂里松竹路2段107巷73號1樓","2","居家護理","臺中市","0919-535795","無","無","nail0208@gmail.com","","",
"維康居家護理所","臺中市","北屯區","文心路四段672號11樓之24","臺中市北屯區文心路四段672號11樓之24","2","居家護理","台中市","04-22378712","04-22378762","無","gisammin695575@yahoo.com.tw","1","3",
"華濟居家護理所","臺中市","北屯區","軍福18路46號","臺中市軍福18路46號","2","居家護理","台中市","0910-561645","04-24391948","無","yu_chai1211@yahoo.com.tw","2","0",
"華穗護理之家(居家護理)","臺中市","北屯區","11鄰松竹南街6號","臺中市北屯區11鄰松竹南街6號","2","居家護理","台中市","04-22471888","04-22416651","http://www.22471888.com.tw/index.html","hwasuey@gmail.com","1","1",
"春暉居家護理所","臺中市","北屯區","14鄰太原路三段161號3樓之6","臺中市北屯區14鄰太原路三段161號3樓之6","2","居家護理","台中市","04-22378557","04-22378561","無","springsun9982@yahoo.com.tw","3","2",
"育德居家護理所","臺中市","北屯區","北平路四段195號","臺中市北屯區北平路四段195號","2","居家護理","台中市","04-22386231","04-22386315","無","mihui0817@yahoo.com.tw","4","5",
"天德居家護理所","臺中市","北屯區","瀋陽路三段258號4樓","臺中市北屯區瀋陽路三段258號4樓","2","居家護理","台中市","04-22410478","無","無","amy101254@yahoo.com.tw","2","1",
"明康居家護理所","臺中市","北屯區","崇德二路1段109號","臺中市北屯區崇德二路1段109號","2","居家護理","台中市","04-22491463","04-22472887","無","ccijenny@hotmail.com.tw","1","1",
"專業居家護理所","臺中市","北屯區","10鄰松竹二路39巷2號","臺中市北屯區10鄰松竹二路39巷2號","2","居家護理","台中市北區,台中市豐原區,彰化縣彰化市,台中市花壇鄉,南投縣竹山鎮","0988-015-335","無","無","yvlu5438@yahoo.com.tw","","",
"健康居家護理所","臺中市","北屯區","東山路一段50巷97號1樓","臺中市北屯區東山路一段50巷97號1樓","2","居家護理","台中市,南投縣","04-24374149","無","無","healthcare201314@gmail.com","2","0",
"伊敏娟居家護理所","臺中市","豐原區","中正路749巷2弄24號1樓","臺中市豐原區中正路749巷2弄24號1樓","2","居家護理","台中市西屯區,台中市北屯區,台中市霧峰區,台中市大里區,台中市豐原區,台中市神岡區,台中市石岡區,台中市東勢區,台中市后里區","04-25268328","04-25292267","無","mingo_yi@yahoo.com.tw","3","2",
"林燕玲居家護理所","臺中市","豐原區","南陽路123巷81弄13號","臺中市豐原區南陽路123巷81弄13號","2","居家護理","台中市,苗栗縣卓蘭鎮","04-25254607","04-25123617","無","Inch79326@hotmail.com","1","1",
"衛生福利部豐原醫院附設護理之家(居家護理)","臺中市","豐原區","10鄰100號","臺中市豐原區10鄰100號","2","居家護理","台中市豐原區,台中市潭子區,台中市神岡區,台中市大雅區,台中市石岡區,台中市新社區,台中市后里區,台中市東勢區","04-25271180#1199","04-25284445","無","jinghuey@fyh.mohw.gov.tw","2","1",
"李綜合醫療社團法人附設大甲居家護理所","臺中市","大甲區","八德街2號","臺中市大甲區八德街2號","2","居家護理","台中市大甲區,台中市大安區,台中市日南區,台中市后里區,台中市外埔區","04-26862288#2192","04-26883978","無","homecare@leehospital.com.tw","2","2",
"光田醫療社團法人附設光田護理之家","臺中市","沙鹿區","大同街5-2號","臺中市沙鹿區大同街5-2號","2","日間照顧服務,居家護理","台中市沙鹿區,台中市清水區,台中市大甲區,台中市大安區,台中市龍井區,台中市大肚區,台中市梧棲區","04-26365000#2108","04-26365598","http://www.ktgh.com.tw/NursingHome","nursinghome@ktgh.com.tw","","",
"童綜合醫療社團法人附設護理之家(居家護理)","臺中市","梧棲區","台灣大道八段699號","臺中市梧棲區臺灣大道八段699號","2","居家護理","台中市梧棲區,台中市沙鹿區,台中市清水區,台中市龍井區,台中市大安區,台中市大甲區,台中市大雅區,台中市大肚區,台中市神岡區","04-26581919#54410","04-26574114","無","d4410@ms.sltung.com.tw","2","1",
"佛教慈濟醫療財團法人附設台中慈濟護理之家(居家護理)","臺中市","潭子區","豐興路1段66號5樓","臺中市潭子區豐興路1段66號5樓","2","居家護理","台中市潭子區,台中市北屯區,台中市新社區,台中市太平區,台中市大里區,台中市豐原區,台中市大雅區,台中市神岡區","04-36060666#3561","04-36069801","taichung.tzuchi.com.tw","tc401000@tzuchi.com.tw","3","4",
"洪幸雪居家護理所","臺中市","新社區","13鄰東湖街一段99巷12弄22號","臺中市新社區13鄰東湖街一段99巷12弄22號","2","居家護理","台中市清水區,台中市和平區,台中市新社區,台中市東勢區","0919-072188","無","無","singsnow0913@yahoo.com.tw","1","2",
"陳智菁居家護理所","臺中市","外埔區","甲后路新城10巷18號","臺中市外埔區甲后路新城10巷18號","2","居家護理","台中市大甲區,台中市大安區,台中市外埔區,台中市神岡區,台中市后里區,台中市清水區,台中市龍井區,台中市大雅區","0963-128434","無","無","linda2660@hotmail.com","2","1",
"博川居家護理所","臺中市","烏日區","中山路一段1號","臺中市烏日區中山路一段1號","2","居家護理","台中市烏日區,台中市南區","0979-154499","無","無","","1","2",
"美安居家護理所","臺中市","太平區","1鄰中山路一段158號1樓","臺中市太平區1鄰中山路一段158號1樓","2","居家護理","台中市","0921-756745","04-22705310","無","L09304043@gmail.com","2","1",
"國軍台中總醫院附設民眾診療服務處附設護理之家(居家護理)","臺中市","太平區","中山路二段348號","臺中市太平區中山路二段348號","2","居家護理","台中市太平區","04-23931531","無","無","yueh-ching@803.org.tw","1","6",
"賢德醫院附設護理之家(居家護理)","臺中市","太平區","2鄰樹孝路36號6樓","臺中市太平區2鄰樹孝路36號6樓","2","居家護理","台中市太平區","04-23939995#606","04-23937195","無","gcp75364@yahoo.com.tw","2","0",
"仁愛醫療財團法人附設大里仁愛護理之家(居家護理)","臺中市","大里區","六桂路22號2-3號","臺中市大里區六桂路22號2-3號","2","居家護理","台中市大里區,台中市太平區,台中市霧峰區,台中市烏日區,台中市草屯區","04-24819900#12404","04-24819900#12403","http://www.jah.org.tw/","jah2402@mail.jah.org.tw","2","2",
"李宜玲居家護理所","臺中市","大里區","25鄰大智路536號12樓","臺中市大里區25鄰大智路536號12樓","2","居家護理","台中市","0931-512063","無","無","Goodyiling110@yahoo.com.tw","1","1",
"大慶居家護理所","臺中市","大里區","環中東路6段236巷9號4樓","臺中市大里區環中東路6段236巷9號4樓","2","居家護理","台中市","04-22203418","04-22203418","無","M22121010@yahoo.com.tw","4","3",
"迦勒居家護理所","臺南市","新營區","仁愛街30-2號3樓","臺南市新營區仁愛街30-2號3樓","2","居家護理","宜蘭縣宜蘭市,基隆市,臺北市,新北市,桃園縣,桃園市桃園區,新竹縣,新竹市,苗栗縣,苗栗縣苗栗市","06-6331900","06-6332001","無","hc6331900@yahoo.com.tw","3","4",
"迦勒居家護理所","臺南市","新營區","仁愛街30-2號3樓","臺南市新營區仁愛街30-2號3樓","2","居家護理","台南市新營區,台南市白河區,台南市善化區,台南市鹽水區","06-6331900","06-6332001","http://caleb.org.tw/caleb_hct/index.html","hc6331900@yahoo.com.tw","","",
"新興醫療社團法人附設居家護理所","臺南市","新營區","中興路10號","臺南市新營區中興路10號","2","居家護理","","06-6330011","06-6327876","http://www.syssh.org.tw/","shinshen211@gmail.com","","",
"衛生福利部新營醫院附設居家護理所","臺南市","新營區","信義街73號","臺南市新營區信義街73號","2","居家護理","台南市新營區,台南市東山區,台南市白河區,台南市柳營區,台南市鹽水區,台南市後壁區","06-6351131","06-6358493","http://www.syh.mohw.gov.tw/","hc5n30@syh.mohw.gov.tw","","",
"宜松居家護理所","臺南市","新營區","東興路239號1樓","臺南市新營區東興路239號1樓","2","居家護理","","06-6352857","無","無","無","","",
"祥新居家護理所","臺南市","鹽水區","月津路121號","臺南市鹽水區月津路121號","2","居家護理","臺南市新營區","06-6532776","無","https://www.facebook.com/%E7%A5%A5%E6%96%B0%E5%B1%85%E5%AE%B6%E8%AD%B7%E7%90%86%E6%89%80-1566364263613500/","hc6532776@xuite.net","","",
"奇美醫療財團法人附設柳營奇美居家護理所","臺南市","柳營區","太康里201號1樓","臺南市柳營區太康里201號1樓","2","居家護理","台南市新營區,台南市白河區,台南市鹽水區,台南市下營區,台南市後壁區,台南市東山區,台南市學甲區,台南市北門區,台南市麻豆區,台南市善化區,台南市玉井區,台南市柳營區,台南市大內區,台南市楠西區,台南市善化區,嘉義縣台南市義竹鄉","06-6226999","06-6222547#5679","http://www.chimei.org.tw/index_c.htm","clh3003@mail.chimei.org.tw","","",
"台灣基督長老教會新樓醫療財團法人附設麻豆新樓居家護理所","臺南市","麻豆區","小埤里苓子林20號","臺南市麻豆區小埤里苓子林20號","2","居家護理","台南市新營區,台南市鹽水區,台南市柳營區,台南市東山區,台南市麻豆區,台南市下營區,台南市六甲區,台南市官田區,台南市大內區,台南市佳里區,台南市學甲區,台南市西港區,台南市七股區,台南市將軍區,台南市北門區,台南市新化區,台南市新市區,台南市善化區,台南市安定區,台南市山上區,台南市玉井區,台南市楠西區,台南市南化區,台南市左鎮區","06-5702228","06-5703418","http://www.sinlau.org.tw/","slh193@sinlau.org.tw","","",
"奇美醫療財團法人附設佳里奇美居家護理所","臺南市","佳里區","興化里606號","臺南市佳里區興化里606號","2","居家護理","台南市安定區,台南市西港區,台南市七股區,台南市佳里區,台南市學甲區,台南市將軍區,台南市北門區,台南市麻豆區","06-7263333","06-6222547#8031","http://www.chimei.org.tw/index_c.htm","cch7785@mail.chimei.org.tw","","",
"衛生福利部臺南醫院新化分院附設居家護理所","臺南市","新化區","那拔里牧場72號4樓","臺南市新化區那拔里牧場72號4樓","2","居家護理","台南市楠西區,台南市玉井區,台南市左鎮區,台南市台南市南化區,台南市山上區,台南市新市區,台南市新化區","06-5911929","06-5912068","http://www.tnhosp.mohw.gov.tw/department.php?nsub=Y4A000","sh5126@tnhosp.mohw.gov.tw","","",
"永達醫療社團法人附設永博居家護理所","臺南市","善化區","光明路70號","臺南市善化區光明路70號","2","居家護理","","06-5838200","06-5831034","https://www.facebook.com/%E6%B0%B8%E9%81%94%E9%86%AB%E7%99%82%E7%A4%BE%E5%9C%98%E6%B3%95%E4%BA%BA%E9%99%84%E8%A8%AD%E6%B0%B8%E5%8D%9A%E5%B1%85%E5%AE%B6%E8%AD%B7%E7%90%86%E6%89%80-843652859083664/?fref=photo","ua5938@yahoo.com.tw","","",
"健新居家護理所","臺南市","仁德區","中山路513號A棟12樓之1","臺南市仁德區中山路513號A棟12樓之1","2","居家護理","","06-2700230","06-2705392","https://www.facebook.com/%E5%81%A5%E6%96%B0%E5%B1%85%E5%AE%B6%E8%AD%B7%E7%90%86%E6%89%80-163399677049443/","JSNURSING@gmail.com","","",
"奇美醫療財團法人附設永康奇美居家護理所","臺南市","永康區","中正南路52巷96號6樓","臺南市永康區中正南路52巷96號6樓","2","居家護理","台南市東區,台南市中西區,台南市南區,台南市北區,台南市安平區,台南市安南區,台南市永康區,台南市仁德區,台南市歸仁區,台南市關廟區,台南市龍崎區,台南市新化區,台南市左鎮區,台南市山上區,台南市善化區,台南市新市區,台南市安定區","06-2816433","06-6222547#5686","http://www.chimei.org.tw/index_c.htm","300301@mail.chimei.org.tw","","",
"高雄榮民總醫院臺南分院附設居家護理所","臺南市","永康區","復興路427號","臺南市永康區復興路427號","2","居家護理","台南市永康區,台南市安平區,台南市中西區,台南市東區,台南市北區,台南市大灣區,台南市西勢區","06-3125101","06-3138700","http://www.vhyk.gov.tw/index.php","s3030629@mail.vhyk.gov.tw","","",
"荷園居家護理所","臺南市","永康區","國華街87巷6號1樓","臺南市永康區國華街87巷6號1樓","2","居家護理","","06-2016145","06-2016145","https://www.facebook.com/%E8%8D%B7%E5%9C%92%E5%B1%85%E5%AE%B6%E8%AD%B7%E7%90%86%E6%89%80-828415420539904/","tacheng16888@yahoo.com.tw","","",
"康桓居家護理所","臺南市","永康區","勝利里中華路1-29號8樓","臺南市永康區勝利里中華路1-29號8樓","2","居家護理","臺南市新營區,臺南市鹽水區,臺南市白河區,臺南市麻豆區,臺南市佳里區,臺南市新化區,臺南市善化區,臺南市學甲區,臺南市柳營區,臺南市後壁區,臺南市東山區,臺南市下營區,臺南市六甲區,臺南市官田區,臺南市大內區,臺南市西港區,臺南市七股區,臺南市將軍區,臺南市北門區,臺南市新市區,臺南市安定區,臺南市山上區,臺南市玉井區,臺南市楠西區,臺南市南化區,臺南市左鎮區,臺南市仁德區,臺南市歸仁區,臺南市關廟區,臺南市龍崎區,臺南市永康區,臺南市東區,臺南市南區,臺南市中西區,臺南市北區,臺南市安南區,臺南市安平區,嘉義市東區,嘉義市西區,嘉義縣朴子市,嘉義縣布袋鎮,嘉義縣大林鎮,嘉義縣民雄鄉,嘉義縣溪口鄉,嘉義縣新港鄉,嘉義縣六腳鄉,嘉義縣東石鄉,嘉義縣義竹鄉,嘉義縣鹿草鄉,嘉義縣太保市,嘉義縣水上鄉,嘉義縣中埔鄉,嘉義縣竹崎鄉,嘉義縣梅山鄉,嘉義縣番路鄉,嘉義縣大埔鄉,嘉義縣阿里山鄉,雲林縣斗六市,雲林縣斗南鎮,雲林縣虎尾鎮,雲林縣西螺鎮,雲林縣土庫鎮,雲林縣北港鎮,雲林縣古坑鄉,雲林縣大埤鄉,雲林縣莿桐鄉,雲林縣林內鄉,雲林縣二崙鄉,雲林縣崙背鄉,雲林縣麥寮鄉,雲林縣東勢鄉,雲林縣褒忠鄉,雲林縣臺西鄉,雲林縣元長鄉,雲林縣四湖鄉,雲林縣口湖鄉,雲林縣水林鄉","06-3110877","無","無","flora@brojaw.com.tw","1","1",
"台南市立醫院附設居家護理所","臺南市","東區","崇德路670號","臺南市東區崇德路670號","2","居家護理","台南市中西區,台南市東區,台南市南區,台南市北區,台南市安平區,台南市安南區,台南市西港區,台南市永康區,台南市歸仁區,台南市仁德區","06-2609926","06-2692293","http://www.tmh.org.tw/","2j0031@tmh.org.tw","","",
"台灣基督長老教會新樓醫療財團法人附設台南新樓居家護理所","臺南市","東區","東門路1段57號","臺南市東區東門路1段57號","2","居家護理","台南市東區,台南市中西區,台南市南區,台南市北區,台南市安平區,台南市安南區,台南市永康區,仁德區,台南市歸仁區,台南市新化區,台南市新市區,台南市關廟區","06-2748316","06-2762143","http://www.sinlau.org.tw/","slh201@sinlau.org.tw","","",
"佳安居家護理所","臺南市","東區","崇善一街80號5樓之2","臺南市東區崇善一街80號5樓之2","2","居家護理","","06-2908861","06-2909581","http://www.bgahomecare.com.tw/position.asp?cat=3&cat2=7","ga@pie.com.tw","","",
"宜康居家護理所","臺南市","東區","崇德三街10號12樓之1","臺南市東區崇德三街10號12樓之1","2","居家護理","台南市","06-2609105","06-2609161","http://blog.xuite.net/team.care/homecare","teamcare521@gmail.com","","",
"臺南市立安南醫院附設居家護理所","臺南市","南區","長和路2段66號醫療大樓2樓","臺南市安南區長和路2段66號醫療大樓2樓","2","居家護理","","06-3553111","06-3571182","http://www.tmanh.org.tw/ch/index.php","n23821@mail.tmanh.org.tw","","",
"永伈居家護理所","臺南市","北區","開元路485巷41弄18號1樓","臺南市北區開元路485巷41弄18號1樓","2","居家護理","","06-2083232","06-2083232","https://www.facebook.com/%E6%B0%B8%E4%BC%88%E5%B1%85%E5%AE%B6%E8%AD%B7%E7%90%86%E6%89%80-705987259511712/","yongxin-homecare@hotmail.com","","",
"國立成功大學醫學院附設醫院附設居家護理所","臺南市","北區","勝利路138號","臺南市北區勝利路138號","2","居家護理","台南市","06-2353535","06-2766617","http://www.hosp.ncku.edu.tw/nckm/index.aspx","nhc@mail.hosp.ncku.edu.tw","","",
"仁村醫院附設居家護理所","臺南市","中西區","西門路1段486號2樓","臺南市中西區西門路1段486號2樓","2","居家護理","台南市東區,台南市中西區,台南市北區,台南市安平區,台南市南區,台南市永康區","06-2152607","06-2137470","http://www.jen-chun.com.tw/","t221142@yahoo.com.tw","","",
"郭綜合醫院附設居家護理所","臺南市","中西區","民生路2段24號","臺南市中西區民生路2段24號","2","居家護理","台南市","06-2221111","06-2206622","http://www.kgh.com.tw/","homecare@kgh.com.tw","","",
"衛生福利部臺南醫院附設居家護理所","臺南市","中西區","中山路125號","臺南市中西區中山路125號","2","居家護理","台南市中西區,台南市東區,台南市南區,台南市北區,台南市安平區,台南市安南區,台南市西港區,台南市永康區,台南市歸仁區,台南市仁德區","06-2200055","06-2221886","http://www.tnhosp.mohw.gov.tw/","3033@tnhosp.mohw.gov.tw","","",
"敏盛綜合醫院附設居家護理所","桃園市","桃園區","經國路168號","桃園市桃園區經國路168號","2","居家護理","桃園市桃園區,桃園市龜山區,桃園市蘆竹區,桃園市八德區","03-3179599#7350,7352","03-3164310","http://www.e-ms.com.tw/homepage.aspx","cn@e-ms.com.tw","3","4",
"護寧居家護理所","桃園市","桃園區","中埔二街80號5樓","桃園市桃園區中埔二街80號5樓","2","居家護理","桃園市桃園區","03-3413355","03-3336213","無","healthnurse_hn@yahoo.com.tw","3","2",
"臺北榮民總醫院桃園分院附設居家護理所","桃園市","桃園區","成功路三段100號","桃園市桃園區成功路三段100號","2","居家護理","桃園市桃園區,桃園市八德區,桃園市龜山區","03-3384889#3131","03-3387933","無","n250@tyvh.gov.tw","1","1",
"桃新醫院附設居家護理所","桃園市","桃園區","南海街7號4樓","桃園市桃園區南海街7號4樓","2","居家護理","桃園市桃園區,桃園市八德區,桃園市蘆竹區,桃園市龜山區","03-3325678","03-3381000","http://www.taoshin.com.tw/taoshin/department/dprt_manaul_page.php?divCode=5300&ID=403","kuoy1@landseed.com.tw","2","3",
"桃園市桃園區衛生所附設居家護理所","桃園市","桃園區","10鄰國豐三街123號4樓","桃園市桃園區10鄰國豐三街123號4樓","2","居家護理","桃園市桃園區","03-3791888","03-2174034","無","tao033@tpmail.mohw.gov.tw","21","2",
"樂福居家護理所","桃園市","桃園區","5鄰同德十街20巷21號9樓","桃園市桃園區5鄰同德十街20巷21號9樓","2","居家護理","桃園市新屋區","0939-471-239","03-3019723","無","momomayaab@gmail.com","2","1",
"沙爾德聖保祿修女會醫療財團法人附設聖保綠居家護理所","桃園市","桃園區","19鄰建新街123號","桃園市桃園區19鄰建新街123號","2","居家護理","桃園市桃園區,桃園市八德區,新北市鶯歌區","03-3773329","03-3773337","http://www.sph.org.tw/","zoe3413@mail.sph.org.tw","3","2",
"衛生福利部桃園醫院附設居家護理所","桃園市","桃園區","中山路1492號","桃園市桃園區中山路1492號","2","居家護理","桃園市桃園區,桃園市中壢區,桃園市八德區,桃園市蘆竹區","03-3699721#4108","03-3699721#4109","www.tygh.mohw.gov.tw?aid=52&pid=107","sandy@mail.tygh.gov.tw","3","2",
"祐民醫院附設居家護理所","桃園市","中壢區","民族路二段180號","桃園市中壢區民族路二段180號","2","居家護理","桃園市中壢區,桃園市平鎮區","03-4915656#202","03-4925999","無","rosy366@yahoo.com.tw","1","2",
"桃園市中壢區衛生所附設居家護理所","桃園市","中壢區","4鄰溪洲街296號1~2樓","桃園市中壢區4鄰溪洲街296號1~2樓","2","居家護理","桃園市中壢區","03-4352666","03-4352120","http://www.zhongli-phc.tycg.gov.tw/","ykk789123@hotmail.com","1","2",
"中敏居家護理所","桃園市","中壢區","35鄰後寮一路329號","桃園市中壢區35鄰後寮一路329號","2","居家護理","桃園市桃園區,桃園市中壢區,桃園市平鎮區,桃園市楊梅區,桃園市龍潭區","03-4379688,0975-081692","03-4371920","無","n003905@e-ms.com.tw","2","1",
"天成醫療社團法人附設居家護理所","桃園市","中壢區","中福路476-1號","桃園市中壢區中福路476-1號","2","居家護理","桃園市中壢區,桃園市平鎮區","03-4629292#23800","03-4511193","www.tcmg.com.tw","homeservice@tcmg.com.tw","2","1",
"新國民醫院附設居家護理所","桃園市","中壢區","13鄰復興路152號","桃園市中壢區13鄰復興路152號","2","居家護理","桃園市中壢區,桃園市平鎮區","0917-566443","03-4228925","無","skm609@kimo.com","2","2",
"敦仁診所附設居家護理所(104年12月2日新設立，申請開業中)","桃園市","中壢區","仁愛路34號7樓","桃園市中壢區仁愛路34號7樓","1","居家護理","桃園市(除桃園市復興區外)","0936-655826","無","無","無","","",
"祐民醫院附設居家護理所","桃園市","中壢區","民族路二段180號","桃園市中壢區民族路二段180號","2","居家護理","新北市三重區","03-4915656#202","03-4925999","http://www.symh.com.tw/hc.html","rosy366@yahoo.com.tw","4","4",
"桃園市大溪區衛生所附設居家護理所","桃園市","大溪區","仁愛路1號","桃園市大溪區仁愛路1號","2","居家護理","桃園市大溪區","03-3882401","03-3884811","無","h69354@yahoo.com.tw","7","0",
"天成醫院附設居家護理所","桃園市","楊梅區","中山北路一段356號","桃園市楊梅區中山北路一段356號","2","居家護理","桃園市楊梅區,桃園市觀音區,桃園市新屋區","03-4782350","03-4784879","www.tcmg.com.tw","topnurse@tcmg.com.tw","2","2",
"桃園市楊梅區衛生所附設居家護理所","桃園市","楊梅區","校前路409號2樓","桃園市楊梅區校前路409號2樓","2","居家護理","桃園市楊梅區","03-4782248","03-4788157","無","無","11","1",
"怡仁綜合醫院附設居家護理所","桃園市","楊梅區","楊新北路321巷30號","桃園市楊梅區楊新北路321巷30號","2","居家護理","桃園市楊梅區,桃園市新屋區","03-4855566#6130","03-4758884","http://www.sph.org.tw/","na343@yeezen.com.tw","2","1",
"桃園市蘆竹區衛生所附設居家護理所","桃園市","蘆竹區","長安路238號","桃園市蘆竹區長安路238號","2","居家護理","桃園市蘆竹區","03-3524732","03-3222878","http://www.luzhu-phc.tycg.gov.tw/","cym6605@yahoo.com.tw","11","0",
"惠心居家護理所(104年新設立)","桃園市","蘆竹區","光復路122號","桃園市蘆竹區光復路122號","2","居家護理","桃園市桃園區,桃園市八德區,桃園市蘆竹區,桃園市大園區,桃園市龜山區","03-3126508","03-3126508","無","miowo0921@gmail.com","","",
"大園敏盛醫院附設居家護理所","桃園市","大園區","13鄰華中街2號","桃園市大園區13鄰華中街2號","2","居家護理","桃園市大園區,桃園市觀音區,桃園市蘆竹區","03-3867521#205","03-3858339","http://www.e-ms.com.tw/homepage.aspx","N001750@e-ms.com.tw","3","5",
"桃園市大園區衛生所附設居家護理所","桃園市","大園區","9鄰中正西路19號1樓","桃園市大園區9鄰中正西路19號1樓","2","居家護理","桃園市大園區","03-3862024","03-3866770","http://www.dayuan-phc.tycg.gov.tw/","無","0","1",
"家馨居家護理所","桃園市","龜山區","復興一路230號5樓之3","桃園市龜山區復興一路230號5樓之3","2","居家護理","桃園市,新北市","03-2114920","03-2114395","無","ru8230@hotmail.com","3","3",
"長庚醫療財團法人附設林口居家護理所","桃園市","龜山區","復興街5號","桃園市龜山區復興街5號","2","居家護理","桃園市龜山區,桃園市蘆竹區,桃園市桃園區,台北市松山區,台北市中山區,新北市林口區,新北市新莊區,新北市五股區,新北市泰山區","03-3281200#8621","03-3971286","無","f22215@cgmh.org.tw","7","7",
"桃園市龜山區衛生所附設居家護理所","桃園市","龜山區","自強南路103號","桃園市龜山區自強南路103號","2","居家護理","桃園市龜山區","03-3299645","03-3502343","無","無","12","0",
"桃園市八德區衛生所附設居家護理所","桃園市","八德區","介壽路二段361巷28號","桃園市八德區介壽路二段361巷28號","2","居家護理","桃園市八德區","03-3662781","03-3673782","http://www.bade-phc.tycg.gov.tw/","badhc322@tpmail.mohw.gov.tw","0","2",
"龍潭敏盛醫院附設居家護理所","桃園市","龍潭區","中豐路168號","桃園市龍潭區中豐路168號","2","居家護理","桃園市中壢區,桃園市平鎮區,桃園市龍潭區,新竹縣關西鎮,桃園市大溪區","03-4794151#5337","03-4895248","http://www.e-ms.com.tw/homepage.aspx","N004536@e-ms.com.tw","2","1",
"國軍桃園總醫院附設居家護理所","桃園市","龍潭區","中興路186號","桃園市龍潭區中興路186號","2","居家護理","桃園市龍潭區,桃園市大溪區,桃園市八德區,桃園市平鎮區,桃園市中壢區","03-4799595#325945","03-4700427","無","tang5411@ateygh.gov.tw","3","2",
"宜杏居家護理所(104年新設立)","桃園市","龍潭區","中興路336巷18弄18號","桃園市龍潭區中興路336巷18弄18號","2","居家護理","桃園市(除桃園市復興區,桃園市新屋區,桃園市觀音區,桃園市大園區外)","0965-303838","無","無","無","","",
"桃園市龍潭區衛生所附設居家護理所","桃園市","龍潭區","大昌路一段277號2樓","桃園市龍潭區大昌路一段277號2樓","2","居家護理","桃園市龍潭區","03-4792033","03-4890890","lon-tyh.mohw.gov.tw","itleekf@tychb.gov.tw","1","2",
"壢新醫院附設居家護理所","桃園市","平鎮區","廣泰路77號","桃園市平鎮區廣泰路77號","2","居家護理","桃園市桃園區","03-4941234#8140","03-2641241","http://www.landseedhospital.com.tw/lishin/department/dprt_manaul_page.php?divCode=3450&ID=699&jp=4","chienji@landseed.com.tw","5","7",
"桃園市平鎮區衛生所附設居家護理所","桃園市","平鎮區","振興路1號","桃園市平鎮區振興路1號","2","居家護理","桃園市平鎮區","03-4576624","03-4576614","203.65.42.172/taoyuancounty3/pub/News.asp","無","13","1",
"仁仁居家護理所","桃園市","平鎮區","環南路二段280號18樓之1","桃園市平鎮區環南路二段280號18樓之1","2","居家護理","桃園市平鎮區,桃園市觀音區,桃園市中壢區,桃園市大溪區","03-4685666","03-4580866","無","renren324@yahoo.com.tw","3","1",
"陽明醫院附設居家護理所","桃園市","平鎮區","延平路二段56號","桃園市平鎮區延平路二段56號","2","居家護理","桃園市平鎮區,桃園市中壢區,桃園市楊梅區,桃園市新屋區,桃園市觀音區","03-4929929","03-4929938","http://www.yangminpj.com.tw/homecare.html","無","1","1",
"衛生福利部桃園醫院新屋分院附設居家護理所","桃園市","新屋區","新福二路6號6樓","桃園市新屋區新福二路6號6樓","2","居家護理","桃園市新屋區,桃園市觀音區","03-4971989#5603","03-4971206","http://sw.tygh.mohw.gov.tw/","cphh12@mail.tygh.gov.tw","1","1",
"桃園市新屋區衛生所附設居家護理所","桃園市","新屋區","中山路239號","桃園市新屋區中山路239號","2","居家護理","桃園市新屋區","03-4772018","03-477474","http://www.xinwu-phc.tycg.gov.tw/","hwsue0608@gmail.com","7","4",
"桃園市觀音區衛生所附設居家護理所","桃園市","觀音區","觀新路58號","桃園市觀音區觀新路58號","2","居家護理","桃園市觀音區","03-4732031","03-4731042","無","fs940911@gmail.com","10","1",
"桃園市復興區衛生所附設居家護理所","桃園市","復興區","中正路25號","桃園市復興區中正路25號","2","居家護理","桃園市復興區","03-3821912","03-3821132","無","無","12","2",
